ds,trend,yhat_lower,yhat_upper,trend_lower,trend_upper,additive_terms,additive_terms_lower,additive_terms_upper,yearly,yearly_lower,yearly_upper,multiplicative_terms,multiplicative_terms_lower,multiplicative_terms_upper,yhat
1976-01-01,13.02739424745,10.337035268965234,15.079509117187072,13.02739424745,13.02739424745,-0.21950185845863227,-0.21950185845863227,-0.21950185845863227,-0.21950185845863227,-0.21950185845863227,-0.21950185845863227,0.0,0.0,0.0,12.807892388991368
1976-02-01,13.036130608365704,10.636086933462881,15.530635835878666,13.036130608365704,13.036130608365704,0.06450744027048141,0.06450744027048141,0.06450744027048141,0.06450744027048141,0.06450744027048141,0.06450744027048141,0.0,0.0,0.0,13.100638048636187
1976-03-01,13.044303333093298,10.956484326846523,15.573230583824751,13.044303333093298,13.044303333093298,0.12291950880541244,0.12291950880541244,0.12291950880541244,0.12291950880541244,0.12291950880541244,0.12291950880541244,0.0,0.0,0.0,13.16722284189871
1976-04-01,13.053039694009001,10.416060268388017,15.214264872162707,13.053039694009001,13.053039694009001,-0.23784539123700196,-0.23784539123700196,-0.23784539123700196,-0.23784539123700196,-0.23784539123700196,-0.23784539123700196,0.0,0.0,0.0,12.815194302772
1976-05-01,13.061494236830653,10.551040828087457,15.371203123084639,13.061494236830653,13.061494236830653,-0.07158532890545197,-0.07158532890545197,-0.07158532890545197,-0.07158532890545197,-0.07158532890545197,-0.07158532890545197,0.0,0.0,0.0,12.989908907925201
1976-06-01,13.070230597746356,10.483066614080832,15.333555096902533,13.070230597746356,13.070230597746356,-0.2225063052629795,-0.2225063052629795,-0.2225063052629795,-0.2225063052629795,-0.2225063052629795,-0.2225063052629795,0.0,0.0,0.0,12.847724292483376
1976-07-01,13.078685140568005,10.660956751423969,15.528812624534893,13.078685140568005,13.078685140568005,0.008367696465558854,0.008367696465558854,0.008367696465558854,0.008367696465558854,0.008367696465558854,0.008367696465558854,0.0,0.0,0.0,13.087052837033564
1976-08-01,13.087421501483709,10.72593025401858,15.464890249605775,13.087421501483709,13.087421501483709,0.0936915326672883,0.0936915326672883,0.0936915326672883,0.0936915326672883,0.0936915326672883,0.0936915326672883,0.0,0.0,0.0,13.181113034150997
1976-09-01,13.096157862399414,10.674028034362024,15.605144110253388,13.096157862399414,13.096157862399414,0.09208379708490211,0.09208379708490211,0.09208379708490211,0.09208379708490211,0.09208379708490211,0.09208379708490211,0.0,0.0,0.0,13.188241659484316
1976-10-01,13.104612405221063,10.611068644961495,15.358492765879543,13.104612405221063,13.104612405221063,-0.1095288127592813,-0.1095288127592813,-0.1095288127592813,-0.1095288127592813,-0.1095288127592813,-0.1095288127592813,0.0,0.0,0.0,12.995083592461782
1976-11-01,13.113348766136767,10.63482343623621,15.24968977871651,13.113348766136767,13.113348766136767,-0.1953029408900429,-0.1953029408900429,-0.1953029408900429,-0.1953029408900429,-0.1953029408900429,-0.1953029408900429,0.0,0.0,0.0,12.918045825246724
1976-12-01,13.121803308958418,10.820755112057803,15.49074859128571,13.121803308958418,13.121803308958418,-0.0065261954350205225,-0.0065261954350205225,-0.0065261954350205225,-0.0065261954350205225,-0.0065261954350205225,-0.0065261954350205225,0.0,0.0,0.0,13.115277113523398
1977-01-01,13.13053966987412,10.4362615134605,15.196634779483553,13.13053966987412,13.13053966987412,-0.14348776181190517,-0.14348776181190517,-0.14348776181190517,-0.14348776181190517,-0.14348776181190517,-0.14348776181190517,0.0,0.0,0.0,12.987051908062215
1977-02-01,13.139276030789826,10.594139006746339,15.317626196968753,13.139276030789826,13.139276030789826,-0.18774926740941172,-0.18774926740941172,-0.18774926740941172,-0.18774926740941172,-0.18774926740941172,-0.18774926740941172,0.0,0.0,0.0,12.951526763380414
1977-03-01,13.147166937423364,10.760823867026842,15.439384849789064,13.147166937423364,13.147166937423364,0.007985404212767552,0.007985404212767552,0.007985404212767552,0.007985404212767552,0.007985404212767552,0.007985404212767552,0.0,0.0,0.0,13.155152341636132
1977-04-01,13.15590329833907,10.476050647466225,15.339176217853995,13.15590329833907,13.15590329833907,-0.18167175170627534,-0.18167175170627534,-0.18167175170627534,-0.18167175170627534,-0.18167175170627534,-0.18167175170627534,0.0,0.0,0.0,12.974231546632794
1977-05-01,13.164357841160719,10.508779162044474,15.442222245204812,13.164357841160719,13.164357841160719,-0.10597563071558999,-0.10597563071558999,-0.10597563071558999,-0.10597563071558999,-0.10597563071558999,-0.10597563071558999,0.0,0.0,0.0,13.058382210445128
1977-06-01,13.173094202076422,10.567241255653864,15.606753568212065,13.173094202076422,13.173094202076422,-0.1820507656727165,-0.1820507656727165,-0.1820507656727165,-0.1820507656727165,-0.1820507656727165,-0.1820507656727165,0.0,0.0,0.0,12.991043436403706
1977-07-01,13.181548744898071,10.618017219823388,15.668750441194577,13.181548744898071,13.181548744898071,-0.013860176180841646,-0.013860176180841646,-0.013860176180841646,-0.013860176180841646,-0.013860176180841646,-0.013860176180841646,0.0,0.0,0.0,13.16768856871723
1977-08-01,13.190285105813778,10.780013101238053,15.785564692620742,13.190285105813778,13.190285105813778,0.11790993027467774,0.11790993027467774,0.11790993027467774,0.11790993027467774,0.11790993027467774,0.11790993027467774,0.0,0.0,0.0,13.308195036088456
1977-09-01,13.199021460340658,11.0108677355423,15.794626425824214,13.199021460340658,13.199021460340658,0.11151629456788524,0.11151629456788524,0.11151629456788524,0.11151629456788524,0.11151629456788524,0.11151629456788524,0.0,0.0,0.0,13.310537754908543
1977-10-01,13.207475996979577,10.488137031440179,15.453771994906678,13.207475996979577,13.207475996979577,-0.1719450531891561,-0.1719450531891561,-0.1719450531891561,-0.1719450531891561,-0.1719450531891561,-0.1719450531891561,0.0,0.0,0.0,13.035530943790421
1977-11-01,13.216212351506458,10.486228640531152,15.510212274345411,13.216212351506458,13.216212351506458,-0.19977719468968433,-0.19977719468968433,-0.19977719468968433,-0.19977719468968433,-0.19977719468968433,-0.19977719468968433,0.0,0.0,0.0,13.016435156816774
1977-12-01,13.224666888145377,10.722553415717062,15.888615985675653,13.224666888145377,13.224666888145377,0.03641109381843176,0.03641109381843176,0.03641109381843176,0.03641109381843176,0.03641109381843176,0.03641109381843176,0.0,0.0,0.0,13.261077981963808
1978-01-01,13.233403242672257,10.658562891644598,15.32261652709602,13.233403242672257,13.233403242672257,-0.1691214628840506,-0.1691214628840506,-0.1691214628840506,-0.1691214628840506,-0.1691214628840506,-0.1691214628840506,0.0,0.0,0.0,13.064281779788207
1978-02-01,13.24213959719914,10.73295974578229,15.538784158231962,13.24213959719914,13.24213959719914,-0.10257952967348019,-0.10257952967348019,-0.10257952967348019,-0.10257952967348019,-0.10257952967348019,-0.10257952967348019,0.0,0.0,0.0,13.13956006752566
1978-03-01,13.250030498062129,10.67619602209015,15.52069664601199,13.250030498062129,13.250030498062129,-0.10716977544513265,-0.10716977544513265,-0.10716977544513265,-0.10716977544513265,-0.10716977544513265,-0.10716977544513265,0.0,0.0,0.0,13.142860722616996
1978-04-01,13.25876685258901,10.820951621550634,15.524996913754938,13.25876685258901,13.25876685258901,-0.1243913542748318,-0.1243913542748318,-0.1243913542748318,-0.1243913542748318,-0.1243913542748318,-0.1243913542748318,0.0,0.0,0.0,13.13437549831418
1978-05-01,13.26722138922793,10.949452436657051,15.69209572721532,13.26722138922793,13.26722138922793,-0.1401675912341903,-0.1401675912341903,-0.1401675912341903,-0.1401675912341903,-0.1401675912341903,-0.1401675912341903,0.0,0.0,0.0,13.127053797993739
1978-06-01,13.275957743754812,10.605424281674452,15.523216027207868,13.275957743754812,13.275957743754812,-0.14130615165206112,-0.14130615165206112,-0.14130615165206112,-0.14130615165206112,-0.14130615165206112,-0.14130615165206112,0.0,0.0,0.0,13.13465159210275
1978-07-01,13.28441228039373,10.981584832591395,15.673885645988296,13.28441228039373,13.28441228039373,-0.036250972611639606,-0.036250972611639606,-0.036250972611639606,-0.036250972611639606,-0.036250972611639606,-0.036250972611639606,0.0,0.0,0.0,13.24816130778209
1978-08-01,13.293148634920612,11.1446080401127,15.98522040037036,13.293148634920612,13.293148634920612,0.14215072794185646,0.14215072794185646,0.14215072794185646,0.14215072794185646,0.14215072794185646,0.14215072794185646,0.0,0.0,0.0,13.43529936286247
1978-09-01,13.301884989447492,11.136474480837123,15.984789724094624,13.301884989447492,13.301884989447492,0.12971459383426884,0.12971459383426884,0.12971459383426884,0.12971459383426884,0.12971459383426884,0.12971459383426884,0.0,0.0,0.0,13.431599583281761
1978-10-01,13.31033952608641,10.59148747488197,15.511714769742117,13.31033952608641,13.31033952608641,-0.2344300748060507,-0.2344300748060507,-0.2344300748060507,-0.2344300748060507,-0.2344300748060507,-0.2344300748060507,0.0,0.0,0.0,13.07590945128036
1978-11-01,13.319075880613292,10.506082830701622,15.582336477456515,13.319075880613292,13.319075880613292,-0.20278253930484078,-0.20278253930484078,-0.20278253930484078,-0.20278253930484078,-0.20278253930484078,-0.20278253930484078,0.0,0.0,0.0,13.116293341308452
1978-12-01,13.32753041725221,11.007461880885545,15.859068623247543,13.32753041725221,13.32753041725221,0.07945916500920706,0.07945916500920706,0.07945916500920706,0.07945916500920706,0.07945916500920706,0.07945916500920706,0.0,0.0,0.0,13.406989582261417
1979-01-01,13.33626677177909,10.776643268720889,15.62042634548029,13.33626677177909,13.33626677177909,-0.19445731435264485,-0.19445731435264485,-0.19445731435264485,-0.19445731435264485,-0.19445731435264485,-0.19445731435264485,0.0,0.0,0.0,13.141809457426445
1979-02-01,13.345003126305974,10.920157096234881,15.720744424637683,13.345003126305974,13.345003126305974,-0.018470264406799736,-0.018470264406799736,-0.018470264406799736,-0.018470264406799736,-0.018470264406799736,-0.018470264406799736,0.0,0.0,0.0,13.326532861899175
1979-03-01,13.352894027168963,10.809862789575218,15.519770547387905,13.352894027168963,13.352894027168963,-0.22243886213104955,-0.22243886213104955,-0.22243886213104955,-0.22243886213104955,-0.22243886213104955,-0.22243886213104955,0.0,0.0,0.0,13.130455165037914
1979-04-01,13.361630381695846,10.992071488079223,15.687362834213697,13.361630381695846,13.361630381695846,-0.06602867179857422,-0.06602867179857422,-0.06602867179857422,-0.06602867179857422,-0.06602867179857422,-0.06602867179857422,0.0,0.0,0.0,13.295601709897273
1979-05-01,13.370084924340446,10.810772682200952,15.536422085481442,13.370084924340446,13.370084924340446,-0.17414598735885292,-0.17414598735885292,-0.17414598735885292,-0.17414598735885292,-0.17414598735885292,-0.17414598735885292,0.0,0.0,0.0,13.195938936981593
1979-06-01,13.378821285073203,10.928974592735697,15.776318176712874,13.378821285073203,13.378821285073203,-0.10030868768768307,-0.10030868768768307,-0.10030868768768307,-0.10030868768768307,-0.10030868768768307,-0.10030868768768307,0.0,0.0,0.0,13.27851259738552
1979-07-01,13.387275827717806,10.856124336547682,15.738710766539754,13.387275827717806,13.387275827717806,-0.05879980594687743,-0.05879980594687743,-0.05879980594687743,-0.05879980594687743,-0.05879980594687743,-0.05879980594687743,0.0,0.0,0.0,13.328476021770928
1979-08-01,13.396012188450559,11.225450351598392,16.164663898336908,13.396012188450559,13.396012188450559,0.16638595654450244,0.16638595654450244,0.16638595654450244,0.16638595654450244,0.16638595654450244,0.16638595654450244,0.0,0.0,0.0,13.562398144995061
1979-09-01,13.404748549183315,11.21064876759533,15.956897617420237,13.404748549183315,13.404748549183315,0.14667082056665465,0.14667082056665465,0.14667082056665465,0.14667082056665465,0.14667082056665465,0.14667082056665465,0.0,0.0,0.0,13.55141936974997
1979-10-01,13.413203091827917,10.721033703983007,15.714014769989983,13.413203091827917,13.413203091827917,-0.2969108668553781,-0.2969108668553781,-0.2969108668553781,-0.2969108668553781,-0.2969108668553781,-0.2969108668553781,0.0,0.0,0.0,13.11629222497254
1979-11-01,13.421939452560673,10.814549422670122,15.608266763627483,13.421939452560673,13.421939452560673,-0.2043089839796296,-0.2043089839796296,-0.2043089839796296,-0.2043089839796296,-0.2043089839796296,-0.2043089839796296,0.0,0.0,0.0,13.217630468581044
1979-12-01,13.430393995205273,11.12364654155005,16.041259258378453,13.430393995205273,13.430393995205273,0.12257172092428639,0.12257172092428639,0.12257172092428639,0.12257172092428639,0.12257172092428639,0.12257172092428639,0.0,0.0,0.0,13.55296571612956
1980-01-01,13.43913035593803,10.91443213048281,15.681171423181052,13.43913035593803,13.43913035593803,-0.219501858458533,-0.219501858458533,-0.219501858458533,-0.219501858458533,-0.219501858458533,-0.219501858458533,0.0,0.0,0.0,13.219628497479496
1980-02-01,13.447866716670786,11.038574522938994,15.706537691439133,13.447866716670786,13.447866716670786,0.06450744027057874,0.06450744027057874,0.06450744027057874,0.06450744027057874,0.06450744027057874,0.06450744027057874,0.0,0.0,0.0,13.512374156941364
1980-03-01,13.456039441227233,11.278025819468116,15.878799736722945,13.456039441227233,13.456039441227233,0.1229195088054465,0.1229195088054465,0.1229195088054465,0.1229195088054465,0.1229195088054465,0.1229195088054465,0.0,0.0,0.0,13.57895895003268
1980-04-01,13.46477580195999,10.751460455669136,15.666580224089495,13.46477580195999,13.46477580195999,-0.2378453912369624,-0.2378453912369624,-0.2378453912369624,-0.2378453912369624,-0.2378453912369624,-0.2378453912369624,0.0,0.0,0.0,13.226930410723027
1980-05-01,13.473230344604591,10.975701018021342,15.718708503699812,13.473230344604591,13.473230344604591,-0.07158532890543517,-0.07158532890543517,-0.07158532890543517,-0.07158532890543517,-0.07158532890543517,-0.07158532890543517,0.0,0.0,0.0,13.401645015699156
1980-06-01,13.481966705337348,10.787853816703308,15.98949142811134,13.481966705337348,13.481966705337348,-0.22250630526300583,-0.22250630526300583,-0.22250630526300583,-0.22250630526300583,-0.22250630526300583,-0.22250630526300583,0.0,0.0,0.0,13.259460400074342
1980-07-01,13.490421247981947,10.920298484281208,15.778607364050833,13.490421247981947,13.490421247981947,0.008367696465571107,0.008367696465571107,0.008367696465571107,0.008367696465571107,0.008367696465571107,0.008367696465571107,0.0,0.0,0.0,13.498788944447519
1980-08-01,13.499157608714704,11.284371832059078,15.926310661764768,13.499157608714704,13.499157608714704,0.09369153266723705,0.09369153266723705,0.09369153266723705,0.09369153266723705,0.09369153266723705,0.09369153266723705,0.0,0.0,0.0,13.59284914138194
1980-09-01,13.50789396944746,11.144674092988232,15.96943360429239,13.50789396944746,13.50789396944746,0.09208379708485459,0.09208379708485459,0.09208379708485459,0.09208379708485459,0.09208379708485459,0.09208379708485459,0.0,0.0,0.0,13.599977766532314
1980-10-01,13.516348512092062,11.104331775560052,15.800120685701716,13.516348512092062,13.516348512092062,-0.10952881275933861,-0.10952881275933861,-0.10952881275933861,-0.10952881275933861,-0.10952881275933861,-0.10952881275933861,0.0,0.0,0.0,13.406819699332724
1980-11-01,13.525084872824817,10.861830280893177,15.688626827550113,13.525084872824817,13.525084872824817,-0.1953029408900696,-0.1953029408900696,-0.1953029408900696,-0.1953029408900696,-0.1953029408900696,-0.1953029408900696,0.0,0.0,0.0,13.329781931934747
1980-12-01,13.533593183127199,11.134892807719746,15.954424458036659,13.533593183127199,13.533593183127199,-0.006526195435089619,-0.006526195435089619,-0.006526195435089619,-0.006526195435089619,-0.006526195435089619,-0.006526195435089619,0.0,0.0,0.0,13.527066987692109
1981-01-01,13.542385103772993,10.925959800719953,15.808318626355673,13.542385103772993,13.542385103772993,-0.14348776181201195,-0.14348776181201195,-0.14348776181201195,-0.14348776181201195,-0.14348776181201195,-0.14348776181201195,0.0,0.0,0.0,13.398897341960982
1981-02-01,13.551177024418788,10.827948324719225,15.767426424854255,13.551177024418788,13.551177024418788,-0.1877492674094994,-0.1877492674094994,-0.1877492674094994,-0.1877492674094994,-0.1877492674094994,-0.1877492674094994,0.0,0.0,0.0,13.363427757009289
1981-03-01,13.559118114034343,11.06789771247877,15.95537817225086,13.559118114034343,13.559118114034343,0.007985404212524274,0.007985404212524274,0.007985404212524274,0.007985404212524274,0.007985404212524274,0.007985404212524274,0.0,0.0,0.0,13.567103518246867
1981-04-01,13.567910034680137,10.840105121685022,15.932267103232087,13.567910034680137,13.567910034680137,-0.1816717517063685,-0.1816717517063685,-0.1816717517063685,-0.1816717517063685,-0.1816717517063685,-0.1816717517063685,0.0,0.0,0.0,13.38623828297377
1981-05-01,13.57641834498252,11.196113525756056,15.817595891783938,13.57641834498252,13.57641834498252,-0.10597563071564735,-0.10597563071564735,-0.10597563071564735,-0.10597563071564735,-0.10597563071564735,-0.10597563071564735,0.0,0.0,0.0,13.470442714266872
1981-06-01,13.585210265628314,11.01274314322217,15.881027920698871,13.585210265628314,13.585210265628314,-0.1820507656726698,-0.1820507656726698,-0.1820507656726698,-0.1820507656726698,-0.1820507656726698,-0.1820507656726698,0.0,0.0,0.0,13.403159499955644
1981-07-01,13.593718575930696,11.060187290676812,15.962580309014612,13.593718575930696,13.593718575930696,-0.013860176180863673,-0.013860176180863673,-0.013860176180863673,-0.013860176180863673,-0.013860176180863673,-0.013860176180863673,0.0,0.0,0.0,13.579858399749833
1981-08-01,13.60251049657649,11.208970317571259,16.23375857287112,13.60251049657649,13.60251049657649,0.11790993027459079,0.11790993027459079,0.11790993027459079,0.11790993027459079,0.11790993027459079,0.11790993027459079,0.0,0.0,0.0,13.720420426851081
1981-09-01,13.611302417222285,11.187948035442233,16.217786351188384,13.611302417222285,13.611302417222285,0.11151629456789978,0.11151629456789978,0.11151629456789978,0.11151629456789978,0.11151629456789978,0.11151629456789978,0.0,0.0,0.0,13.722818711790184
1981-10-01,13.619810727524667,11.09471799168761,15.673955854585584,13.619810727524667,13.619810727524667,-0.17194505318905204,-0.17194505318905204,-0.17194505318905204,-0.17194505318905204,-0.17194505318905204,-0.17194505318905204,0.0,0.0,0.0,13.447865674335615
1981-11-01,13.628602648170462,11.057793485568942,15.993837469314007,13.628602648170462,13.628602648170462,-0.1997771946896642,-0.1997771946896642,-0.1997771946896642,-0.1997771946896642,-0.1997771946896642,-0.1997771946896642,0.0,0.0,0.0,13.428825453480798
1981-12-01,13.637110958472842,11.041230855221986,16.05406160527199,13.637110958472842,13.637110958472842,0.03641109381835677,0.03641109381835677,0.03641109381835677,0.03641109381835677,0.03641109381835677,0.03641109381835677,0.0,0.0,0.0,13.673522052291199
1982-01-01,13.645902879118637,11.313240448833344,16.00855565893951,13.645902879118637,13.645902879118637,-0.1691214628840143,-0.1691214628840143,-0.1691214628840143,-0.1691214628840143,-0.1691214628840143,-0.1691214628840143,0.0,0.0,0.0,13.476781416234623
1982-02-01,13.654694799764432,11.121502866154604,16.06220196552321,13.654694799764432,13.654694799764432,-0.10257952967341163,-0.10257952967341163,-0.10257952967341163,-0.10257952967341163,-0.10257952967341163,-0.10257952967341163,0.0,0.0,0.0,13.55211527009102
1982-03-01,13.662635889379988,11.159996841487798,16.04472326414527,13.662635889379988,13.662635889379988,-0.10716977544530014,-0.10716977544530014,-0.10716977544530014,-0.10716977544530014,-0.10716977544530014,-0.10716977544530014,0.0,0.0,0.0,13.555466113934688
1982-04-01,13.671427810025783,11.049092270065417,15.79312538527747,13.671427810025783,13.671427810025783,-0.12439135427478651,-0.12439135427478651,-0.12439135427478651,-0.12439135427478651,-0.12439135427478651,-0.12439135427478651,0.0,0.0,0.0,13.547036455750996
1982-05-01,13.679936120328165,11.231097148982634,15.763724694559892,13.679936120328165,13.679936120328165,-0.1401675912340942,-0.1401675912340942,-0.1401675912340942,-0.1401675912340942,-0.1401675912340942,-0.1401675912340942,0.0,0.0,0.0,13.53976852909407
1982-06-01,13.688728040973956,11.181852248313534,16.192508342674564,13.688728040973956,13.688728040973956,-0.1413061516519984,-0.1413061516519984,-0.1413061516519984,-0.1413061516519984,-0.1413061516519984,-0.1413061516519984,0.0,0.0,0.0,13.547421889321958
1982-07-01,13.700339961368776,11.102494937038971,15.871659819176905,13.700339961368776,13.700339961368776,-0.03625097261159454,-0.03625097261159454,-0.03625097261159454,-0.03625097261159454,-0.03625097261159454,-0.03625097261159454,0.0,0.0,0.0,13.664088988757182
1982-08-01,13.712338945776754,11.484428230567623,16.24766448281263,13.712338945776754,13.712338945776754,0.1421507279419592,0.1421507279419592,0.1421507279419592,0.1421507279419592,0.1421507279419592,0.1421507279419592,0.0,0.0,0.0,13.854489673718714
1982-09-01,13.724337930184735,11.477344824208025,16.331453807230496,13.724337930184735,13.724337930184735,0.12971459383421796,0.12971459383421796,0.12971459383421796,0.12971459383421796,0.12971459383421796,0.12971459383421796,0.0,0.0,0.0,13.854052524018952
1982-10-01,13.735949850579551,11.292832274475693,15.920774695131463,13.735949850579551,13.735949850579551,-0.23443007480623548,-0.23443007480623548,-0.23443007480623548,-0.23443007480623548,-0.23443007480623548,-0.23443007480623548,0.0,0.0,0.0,13.501519775773316
1982-11-01,13.74794883498753,11.125460035699628,15.993884472082998,13.74794883498753,13.74794883498753,-0.20278253930469461,-0.20278253930469461,-0.20278253930469461,-0.20278253930469461,-0.20278253930469461,-0.20278253930469461,0.0,0.0,0.0,13.545166295682836
1982-12-01,13.75956075538235,11.457318513392188,16.06227867329447,13.75956075538235,13.75956075538235,0.07945916500924487,0.07945916500924487,0.07945916500924487,0.07945916500924487,0.07945916500924487,0.07945916500924487,0.0,0.0,0.0,13.839019920391594
1983-01-01,13.771559739790328,11.18828064279915,15.923874973793408,13.771559739790328,13.771559739790328,-0.19445731435268407,-0.19445731435268407,-0.19445731435268407,-0.19445731435268407,-0.19445731435268407,-0.19445731435268407,0.0,0.0,0.0,13.577102425437644
1983-02-01,13.783558724198306,11.28729043038293,16.095364241665546,13.783558724198306,13.783558724198306,-0.018470264406858658,-0.018470264406858658,-0.018470264406858658,-0.018470264406858658,-0.018470264406858658,-0.018470264406858658,0.0,0.0,0.0,13.765088459791448
1983-03-01,13.794396516566804,11.274936908569241,16.06933034459569,13.794396516566804,13.794396516566804,-0.22243886213099404,-0.22243886213099404,-0.22243886213099404,-0.22243886213099404,-0.22243886213099404,-0.22243886213099404,0.0,0.0,0.0,13.57195765443581
1983-04-01,13.806395500974782,11.312242094637671,16.10902615893394,13.806395500974782,13.806395500974782,-0.06602867179848883,-0.06602867179848883,-0.06602867179848883,-0.06602867179848883,-0.06602867179848883,-0.06602867179848883,0.0,0.0,0.0,13.740366829176294
1983-05-01,13.818007421369602,11.189252094942868,16.170833095783195,13.818007421369602,13.818007421369602,-0.1741459873588872,-0.1741459873588872,-0.1741459873588872,-0.1741459873588872,-0.1741459873588872,-0.1741459873588872,0.0,0.0,0.0,13.643861434010715
1983-06-01,13.83000640577758,11.28779098085835,16.26570618886482,13.83000640577758,13.83000640577758,-0.10030868768758884,-0.10030868768758884,-0.10030868768758884,-0.10030868768758884,-0.10030868768758884,-0.10030868768758884,0.0,0.0,0.0,13.72969771808999
1983-07-01,13.8416183261724,11.2781601852548,16.227013732176477,13.8416183261724,13.8416183261724,-0.058799805946758904,-0.058799805946758904,-0.058799805946758904,-0.058799805946758904,-0.058799805946758904,-0.058799805946758904,0.0,0.0,0.0,13.782818520225641
1983-08-01,13.853617310580377,11.575774907888762,16.24664848447125,13.853617310580377,13.853617310580377,0.16638595654460747,0.16638595654460747,0.16638595654460747,0.16638595654460747,0.16638595654460747,0.16638595654460747,0.0,0.0,0.0,14.020003267124984
1983-09-01,13.865616294988357,11.482618079122556,16.37746472920548,13.865616294988357,13.865616294988357,0.1466708205666539,0.1466708205666539,0.1466708205666539,0.1466708205666539,0.1466708205666539,0.1466708205666539,0.0,0.0,0.0,14.01228711555501
1983-10-01,13.877228215383173,11.173155948657234,16.128455281459456,13.877228215383173,13.877228215383173,-0.29691086685538054,-0.29691086685538054,-0.29691086685538054,-0.29691086685538054,-0.29691086685538054,-0.29691086685538054,0.0,0.0,0.0,13.580317348527792
1983-11-01,13.889227199791154,11.254143960351666,16.10288988163605,13.889227199791154,13.889227199791154,-0.20430898397977407,-0.20430898397977407,-0.20430898397977407,-0.20430898397977407,-0.20430898397977407,-0.20430898397977407,0.0,0.0,0.0,13.684918215811381
1983-12-01,13.900839120185971,11.488119743590742,16.273402993285046,13.900839120185971,13.900839120185971,0.12257172092436727,0.12257172092436727,0.12257172092436727,0.12257172092436727,0.12257172092436727,0.12257172092436727,0.0,0.0,0.0,14.023410841110339
1984-01-01,13.912838104593952,11.41743506290573,16.254611705046795,13.912838104593952,13.912838104593952,-0.21950185845861822,-0.21950185845861822,-0.21950185845861822,-0.21950185845861822,-0.21950185845861822,-0.21950185845861822,0.0,0.0,0.0,13.693336246135333
1984-02-01,13.924837089001931,11.635272308130817,16.45390050348056,13.924837089001931,13.924837089001931,0.06450744027037597,0.06450744027037597,0.06450744027037597,0.06450744027037597,0.06450744027037597,0.06450744027037597,0.0,0.0,0.0,13.989344529272307
1984-03-01,13.93606194565674,11.553256801217987,16.438292771475474,13.93606194565674,13.93606194565674,0.12291950880529591,0.12291950880529591,0.12291950880529591,0.12291950880529591,0.12291950880529591,0.12291950880529591,0.0,0.0,0.0,14.058981454462035
1984-04-01,13.948060930356707,11.253712357285586,16.11566619803034,13.948060930356707,13.948060930356707,-0.23784539123691611,-0.23784539123691611,-0.23784539123691611,-0.23784539123691611,-0.23784539123691611,-0.23784539123691611,0.0,0.0,0.0,13.71021553911979
1984-05-01,13.959672851034094,11.602144718092905,16.2537867859728,13.959672851034094,13.959672851034094,-0.07158532890535418,-0.07158532890535418,-0.07158532890535418,-0.07158532890535418,-0.07158532890535418,-0.07158532890535418,0.0,0.0,0.0,13.88808752212874
1984-06-01,13.971671835734062,11.283728984327409,16.140095346251506,13.971671835734062,13.971671835734062,-0.22250630526291068,-0.22250630526291068,-0.22250630526291068,-0.22250630526291068,-0.22250630526291068,-0.22250630526291068,0.0,0.0,0.0,13.749165530471151
1984-07-01,13.983283756411453,11.61920131014181,16.43330737164175,13.983283756411453,13.983283756411453,0.008367696465544125,0.008367696465544125,0.008367696465544125,0.008367696465544125,0.008367696465544125,0.008367696465544125,0.0,0.0,0.0,13.991651452876997
1984-08-01,13.995282741111417,11.741662514501947,16.59140847756542,13.995282741111417,13.995282741111417,0.09369153266733712,0.09369153266733712,0.09369153266733712,0.09369153266733712,0.09369153266733712,0.09369153266733712,0.0,0.0,0.0,14.088974273778755
1984-09-01,14.007281725811389,11.73773792624639,16.629568036223507,14.007281725811389,14.007281725811389,0.09208379708489155,0.09208379708489155,0.09208379708489155,0.09208379708489155,0.09208379708489155,0.09208379708489155,0.0,0.0,0.0,14.09936552289628
1984-10-01,14.018893646488776,11.382856461728839,16.349504026723697,14.018893646488776,14.018893646488776,-0.10952881275941986,-0.10952881275941986,-0.10952881275941986,-0.10952881275941986,-0.10952881275941986,-0.10952881275941986,0.0,0.0,0.0,13.909364833729356
1984-11-01,14.030892631188744,11.488339188875534,16.228451170906702,14.030892631188744,14.030892631188744,-0.1953029408901241,-0.1953029408901241,-0.1953029408901241,-0.1953029408901241,-0.1953029408901241,-0.1953029408901241,0.0,0.0,0.0,13.835589690298619
1984-12-01,14.042504551866132,11.567532830960666,16.46344972934098,14.042504551866132,14.042504551866132,-0.006526195435048375,-0.006526195435048375,-0.006526195435048375,-0.006526195435048375,-0.006526195435048375,-0.006526195435048375,0.0,0.0,0.0,14.035978356431084
1985-01-01,14.0545035365661,11.478205136424366,16.253858190360855,14.0545035365661,14.0545035365661,-0.14348776181181128,-0.14348776181181128,-0.14348776181181128,-0.14348776181181128,-0.14348776181181128,-0.14348776181181128,0.0,0.0,0.0,13.91101577475429
1985-02-01,14.066502521266068,11.357015464423247,16.15809898783825,14.066502521266068,14.066502521266068,-0.18774926740957304,-0.18774926740957304,-0.18774926740957304,-0.18774926740957304,-0.18774926740957304,-0.18774926740957304,0.0,0.0,0.0,13.878753253856495
1985-03-01,14.077340313898297,11.553756846061743,16.55573478117067,14.077340313898297,14.077340313898297,0.007985404212536075,0.007985404212536075,0.007985404212536075,0.007985404212536075,0.007985404212536075,0.007985404212536075,0.0,0.0,0.0,14.085325718110834
1985-04-01,14.089339298598265,11.468803734118934,16.308890314588997,14.089339298598265,14.089339298598265,-0.18167175170626154,-0.18167175170626154,-0.18167175170626154,-0.18167175170626154,-0.18167175170626154,-0.18167175170626154,0.0,0.0,0.0,13.907667546892004
1985-05-01,14.100951219275652,11.56383617743363,16.31296146928056,14.100951219275652,14.100951219275652,-0.10597563071565484,-0.10597563071565484,-0.10597563071565484,-0.10597563071565484,-0.10597563071565484,-0.10597563071565484,0.0,0.0,0.0,13.994975588559997
1985-06-01,14.11295020397562,11.642426418496353,16.4087564428004,14.11295020397562,14.11295020397562,-0.18205076567280096,-0.18205076567280096,-0.18205076567280096,-0.18205076567280096,-0.18205076567280096,-0.18205076567280096,0.0,0.0,0.0,13.93089943830282
1985-07-01,14.124562124653009,11.689005971722667,16.539971824746345,14.124562124653009,14.124562124653009,-0.013860176180974827,-0.013860176180974827,-0.013860176180974827,-0.013860176180974827,-0.013860176180974827,-0.013860176180974827,0.0,0.0,0.0,14.110701948472034
1985-08-01,14.136561109352977,11.933855209332888,16.560155264856952,14.136561109352977,14.136561109352977,0.1179099302745972,0.1179099302745972,0.1179099302745972,0.1179099302745972,0.1179099302745972,0.1179099302745972,0.0,0.0,0.0,14.254471039627575
1985-09-01,14.148560094052945,11.837247319238232,16.731571983102526,14.148560094052945,14.148560094052945,0.1115162945678753,0.1115162945678753,0.1115162945678753,0.1115162945678753,0.1115162945678753,0.1115162945678753,0.0,0.0,0.0,14.26007638862082
1985-10-01,14.160172014817155,11.501651910898955,16.390131406982402,14.160172014817155,14.160172014817155,-0.17194505318916525,-0.17194505318916525,-0.17194505318916525,-0.17194505318916525,-0.17194505318916525,-0.17194505318916525,0.0,0.0,0.0,13.988226961627989
1985-11-01,14.172170999606838,11.446529112780995,16.3579390765793,14.172170999606838,14.172170999606838,-0.19977719468957575,-0.19977719468957575,-0.19977719468957575,-0.19977719468957575,-0.19977719468957575,-0.19977719468957575,0.0,0.0,0.0,13.972393804917262
1985-12-01,14.183782920371048,11.7894585677849,16.62153909986598,14.183782920371048,14.183782920371048,0.03641109381835126,0.03641109381835126,0.03641109381835126,0.03641109381835126,0.03641109381835126,0.03641109381835126,0.0,0.0,0.0,14.2201940141894
1986-01-01,14.195781905160736,11.641320405064505,16.518416401873317,14.195781905160736,14.195781905160736,-0.1691214628841013,-0.1691214628841013,-0.1691214628841013,-0.1691214628841013,-0.1691214628841013,-0.1691214628841013,0.0,0.0,0.0,14.026660442276635
1986-02-01,14.207780889950417,11.508380263276335,16.373165876532898,14.207780889950417,14.207780889950417,-0.10257952967333435,-0.10257952967333435,-0.10257952967333435,-0.10257952967333435,-0.10257952967333435,-0.10257952967333435,0.0,0.0,0.0,14.105201360277082
1986-03-01,14.218618682663681,11.764125371200574,16.686197229796928,14.218618682663681,14.218618682663681,-0.10716977544546417,-0.10716977544546417,-0.10716977544546417,-0.10716977544546417,-0.10716977544546417,-0.10716977544546417,0.0,0.0,0.0,14.111448907218216
1986-04-01,14.230617667453366,11.536526849125242,16.396258979240088,14.230617667453366,14.230617667453366,-0.12439135427472484,-0.12439135427472484,-0.12439135427472484,-0.12439135427472484,-0.12439135427472484,-0.12439135427472484,0.0,0.0,0.0,14.106226313178642
1986-05-01,14.242229588217578,11.77458206606238,16.57963091517397,14.242229588217578,14.242229588217578,-0.14016759123417458,-0.14016759123417458,-0.14016759123417458,-0.14016759123417458,-0.14016759123417458,-0.14016759123417458,0.0,0.0,0.0,14.102061996983403
1986-06-01,14.254228573007262,11.665074542399308,16.51572350197103,14.254228573007262,14.254228573007262,-0.14130615165200028,-0.14130615165200028,-0.14130615165200028,-0.14130615165200028,-0.14130615165200028,-0.14130615165200028,0.0,0.0,0.0,14.112922421355263
1986-07-01,14.265840493771472,11.659820414028832,16.611346109192823,14.265840493771472,14.265840493771472,-0.03625097261168074,-0.03625097261168074,-0.03625097261168074,-0.03625097261168074,-0.03625097261168074,-0.03625097261168074,0.0,0.0,0.0,14.229589521159792
1986-08-01,14.277839478561157,12.177732854339148,16.749636184900073,14.277839478561157,14.277839478561157,0.14215072794181174,0.14215072794181174,0.14215072794181174,0.14215072794181174,0.14215072794181174,0.14215072794181174,0.0,0.0,0.0,14.41999020650297
1986-09-01,14.289838463350842,12.179401639217165,16.934650777436698,14.289838463350842,14.289838463350842,0.1297145938341533,0.1297145938341533,0.1297145938341533,0.1297145938341533,0.1297145938341533,0.1297145938341533,0.0,0.0,0.0,14.419553057184995
1986-10-01,14.301450384115052,11.517244756807242,16.613458395341745,14.301450384115052,14.301450384115052,-0.23443007480621567,-0.23443007480621567,-0.23443007480621567,-0.23443007480621567,-0.23443007480621567,-0.23443007480621567,0.0,0.0,0.0,14.067020309308836
1986-11-01,14.313449368904736,11.680974727636556,16.525083283072593,14.313449368904736,14.313449368904736,-0.20278253930482562,-0.20278253930482562,-0.20278253930482562,-0.20278253930482562,-0.20278253930482562,-0.20278253930482562,0.0,0.0,0.0,14.11066682959991
1986-12-01,14.325061289668946,12.161628950920612,16.653365673645844,14.325061289668946,14.325061289668946,0.07945916500932682,0.07945916500932682,0.07945916500932682,0.07945916500932682,0.07945916500932682,0.07945916500932682,0.0,0.0,0.0,14.404520454678273
1987-01-01,14.337060274458631,11.710258838975427,16.65550275460994,14.337060274458631,14.337060274458631,-0.19445731435270708,-0.19445731435270708,-0.19445731435270708,-0.19445731435270708,-0.19445731435270708,-0.19445731435270708,0.0,0.0,0.0,14.142602960105924
1987-02-01,14.349059259248316,11.77131758735543,16.795572297489276,14.349059259248316,14.349059259248316,-0.01847026440674281,-0.01847026440674281,-0.01847026440674281,-0.01847026440674281,-0.01847026440674281,-0.01847026440674281,0.0,0.0,0.0,14.330588994841573
1987-03-01,14.359897051961578,11.742290983361126,16.51362061673484,14.359897051961578,14.359897051961578,-0.22243886213080577,-0.22243886213080577,-0.22243886213080577,-0.22243886213080577,-0.22243886213080577,-0.22243886213080577,0.0,0.0,0.0,14.137458189830772
1987-04-01,14.371896036751263,11.758391751728382,16.716799056236486,14.371896036751263,14.371896036751263,-0.06602867179830932,-0.06602867179830932,-0.06602867179830932,-0.06602867179830932,-0.06602867179830932,-0.06602867179830932,0.0,0.0,0.0,14.305867364952954
1987-05-01,14.383507957515475,11.815240841243554,16.613029700242265,14.383507957515475,14.383507957515475,-0.17414598735893616,-0.17414598735893616,-0.17414598735893616,-0.17414598735893616,-0.17414598735893616,-0.17414598735893616,0.0,0.0,0.0,14.20936197015654
1987-06-01,14.39550694044123,11.960783386837427,16.634423591946746,14.39550694044123,14.39550694044123,-0.10030868768751754,-0.10030868768751754,-0.10030868768751754,-0.10030868768751754,-0.10030868768751754,-0.10030868768751754,0.0,0.0,0.0,14.295198252753712
1987-07-01,14.407118859401633,12.02994845105782,16.569201946212125,14.407118859401633,14.407118859401633,-0.05879980594681691,-0.05879980594681691,-0.05879980594681691,-0.05879980594681691,-0.05879980594681691,-0.05879980594681691,0.0,0.0,0.0,14.348319053454816
1987-08-01,14.419117842327388,12.109765771477862,16.91537726999928,14.419117842327388,14.419117842327388,0.16638595654456895,0.16638595654456895,0.16638595654456895,0.16638595654456895,0.16638595654456895,0.16638595654456895,0.0,0.0,0.0,14.585503798871958
1987-09-01,14.43111682525314,12.102688552786974,17.02707541443684,14.43111682525314,14.43111682525314,0.14667082056664654,0.14667082056664654,0.14667082056664654,0.14667082056664654,0.14667082056664654,0.14667082056664654,0.0,0.0,0.0,14.577787645819786
1987-10-01,14.442728744213547,11.753338376275137,16.57285252586621,14.442728744213547,14.442728744213547,-0.2969108668554978,-0.2969108668554978,-0.2969108668554978,-0.2969108668554978,-0.2969108668554978,-0.2969108668554978,0.0,0.0,0.0,14.145817877358049
1987-11-01,14.454727727139298,11.925078059415558,16.62049364089903,14.454727727139298,14.454727727139298,-0.20430898397971284,-0.20430898397971284,-0.20430898397971284,-0.20430898397971284,-0.20430898397971284,-0.20430898397971284,0.0,0.0,0.0,14.250418743159585
1987-12-01,14.466339646099705,12.200615972605148,16.93540431257871,14.466339646099705,14.466339646099705,0.12257172092435113,0.12257172092435113,0.12257172092435113,0.12257172092435113,0.12257172092435113,0.12257172092435113,0.0,0.0,0.0,14.588911367024057
1988-01-01,14.478338629025457,11.740429389790297,16.867484828096067,14.478338629025457,14.478338629025457,-0.21950185845860246,-0.21950185845860246,-0.21950185845860246,-0.21950185845860246,-0.21950185845860246,-0.21950185845860246,0.0,0.0,0.0,14.258836770566854
1988-02-01,14.49033761195121,12.088683476872408,16.780292640935606,14.49033761195121,14.49033761195121,0.06450744027051707,0.06450744027051707,0.06450744027051707,0.06450744027051707,0.06450744027051707,0.06450744027051707,0.0,0.0,0.0,14.554845052221728
1988-03-01,14.501562466946268,12.241418309228742,17.01758391453681,14.501562466946268,14.501562466946268,0.12291950880512496,0.12291950880512496,0.12291950880512496,0.12291950880512496,0.12291950880512496,0.12291950880512496,0.0,0.0,0.0,14.624481975751394
1988-04-01,14.513561449872022,11.74500497674315,16.611799110555914,14.513561449872022,14.513561449872022,-0.2378453912369798,-0.2378453912369798,-0.2378453912369798,-0.2378453912369798,-0.2378453912369798,-0.2378453912369798,0.0,0.0,0.0,14.275716058635041
1988-05-01,14.525173368832426,12.067689287066104,16.796246063440783,14.525173368832426,14.525173368832426,-0.07158532890550064,-0.07158532890550064,-0.07158532890550064,-0.07158532890550064,-0.07158532890550064,-0.07158532890550064,0.0,0.0,0.0,14.453588039926926
1988-06-01,14.53717235175818,11.943026153903567,16.723331741303827,14.53717235175818,14.53717235175818,-0.22250630526299295,-0.22250630526299295,-0.22250630526299295,-0.22250630526299295,-0.22250630526299295,-0.22250630526299295,0.0,0.0,0.0,14.314666046495187
1988-07-01,14.548784270718585,12.18005906488897,16.805131819536207,14.548784270718585,14.548784270718585,0.008367696465607989,0.008367696465607989,0.008367696465607989,0.008367696465607989,0.008367696465607989,0.008367696465607989,0.0,0.0,0.0,14.557151967184193
1988-08-01,14.560783253644338,12.334918301968148,16.99194964322253,14.560783253644338,14.560783253644338,0.09369153266726388,0.09369153266726388,0.09369153266726388,0.09369153266726388,0.09369153266726388,0.09369153266726388,0.0,0.0,0.0,14.654474786311603
1988-09-01,14.57278223657009,12.115850520670143,17.302633270576237,14.57278223657009,14.57278223657009,0.09208379708486378,0.09208379708486378,0.09208379708486378,0.09208379708486378,0.09208379708486378,0.09208379708486378,0.0,0.0,0.0,14.664866033654954
1988-10-01,14.584394155530497,12.108939389140735,17.001864439879295,14.584394155530497,14.584394155530497,-0.10952881275935643,-0.10952881275935643,-0.10952881275935643,-0.10952881275935643,-0.10952881275935643,-0.10952881275935643,0.0,0.0,0.0,14.47486534277114
1988-11-01,14.596393138456248,12.07937407801627,17.07183682014476,14.596393138456248,14.596393138456248,-0.19530294088996217,-0.19530294088996217,-0.19530294088996217,-0.19530294088996217,-0.19530294088996217,-0.19530294088996217,0.0,0.0,0.0,14.401090197566287
1988-12-01,14.608005057416653,12.119171244461553,17.004131378513872,14.608005057416653,14.608005057416653,-0.006526195434985018,-0.006526195434985018,-0.006526195434985018,-0.006526195434985018,-0.006526195434985018,-0.006526195434985018,0.0,0.0,0.0,14.601478861981668
1989-01-01,14.620004041089679,12.049870507251528,16.966220249598344,14.620004041089679,14.620004041089679,-0.14348776181190095,-0.14348776181190095,-0.14348776181190095,-0.14348776181190095,-0.14348776181190095,-0.14348776181190095,0.0,0.0,0.0,14.476516279277778
1989-02-01,14.632003024762705,11.891807886989612,16.934967790384558,14.632003024762705,14.632003024762705,-0.18774926740908515,-0.18774926740908515,-0.18774926740908515,-0.18774926740908515,-0.18774926740908515,-0.18774926740908515,0.0,0.0,0.0,14.44425375735362
1989-03-01,14.642840816467375,12.294638917014879,17.087397463028562,14.642840816467375,14.642840816467375,0.007985404212578826,0.007985404212578826,0.007985404212578826,0.007985404212578826,0.007985404212578826,0.007985404212578826,0.0,0.0,0.0,14.650826220679955
1989-04-01,14.654839800140397,12.156472459964979,17.010148205784187,14.654839800140397,14.654839800140397,-0.18167175170633906,-0.18167175170633906,-0.18167175170633906,-0.18167175170633906,-0.18167175170633906,-0.18167175170633906,0.0,0.0,0.0,14.473168048434058
1989-05-01,14.666451719823971,12.155114081080482,17.039964033446473,14.666451719823971,14.666451719823971,-0.1059756307156102,-0.1059756307156102,-0.1059756307156102,-0.1059756307156102,-0.1059756307156102,-0.1059756307156102,0.0,0.0,0.0,14.560476089108361
1989-06-01,14.678450703496997,11.962651958022066,16.808243752258775,14.678450703496997,14.678450703496997,-0.1820507656725159,-0.1820507656725159,-0.1820507656725159,-0.1820507656725159,-0.1820507656725159,-0.1820507656725159,0.0,0.0,0.0,14.496399937824481
1989-07-01,14.690062623180571,12.351819850125043,16.988344501616155,14.690062623180571,14.690062623180571,-0.013860176180953745,-0.013860176180953745,-0.013860176180953745,-0.013860176180953745,-0.013860176180953745,-0.013860176180953745,0.0,0.0,0.0,14.676202446999618
1989-08-01,14.702061606853597,12.391624168339419,17.26159611487312,14.702061606853597,14.702061606853597,0.11790993027480055,0.11790993027480055,0.11790993027480055,0.11790993027480055,0.11790993027480055,0.11790993027480055,0.0,0.0,0.0,14.819971537128398
1989-09-01,14.714060590526623,12.231852978723904,17.10059999201827,14.714060590526623,14.714060590526623,0.11151629456784821,0.11151629456784821,0.11151629456784821,0.11151629456784821,0.11151629456784821,0.11151629456784821,0.0,0.0,0.0,14.82557688509447
1989-10-01,14.725672510210197,12.42292368589224,17.032457513817665,14.725672510210197,14.725672510210197,-0.17194505318928152,-0.17194505318928152,-0.17194505318928152,-0.17194505318928152,-0.17194505318928152,-0.17194505318928152,0.0,0.0,0.0,14.553727457020916
1989-11-01,14.737671493883221,12.180498237556325,16.98717713127873,14.737671493883221,14.737671493883221,-0.1997771946896701,-0.1997771946896701,-0.1997771946896701,-0.1997771946896701,-0.1997771946896701,-0.1997771946896701,0.0,0.0,0.0,14.537894299193551
1989-12-01,14.749283413566793,12.208164095224033,17.097145774670295,14.749283413566793,14.749283413566793,0.03641109381852014,0.03641109381852014,0.03641109381852014,0.03641109381852014,0.03641109381852014,0.03641109381852014,0.0,0.0,0.0,14.785694507385314
1990-01-01,14.761282397239821,12.268674314668482,17.106092846030958,14.761282397239821,14.761282397239821,-0.16912146288412624,-0.16912146288412624,-0.16912146288412624,-0.16912146288412624,-0.16912146288412624,-0.16912146288412624,0.0,0.0,0.0,14.592160934355695
1990-02-01,14.773281380912847,12.227321406095628,17.09398364836887,14.773281380912847,14.773281380912847,-0.10257952967348984,-0.10257952967348984,-0.10257952967348984,-0.10257952967348984,-0.10257952967348984,-0.10257952967348984,0.0,0.0,0.0,14.670701851239357
1990-03-01,14.784119172617515,12.282609069517251,17.018261996427597,14.784119172617515,14.784119172617515,-0.10716977544537128,-0.10716977544537128,-0.10716977544537128,-0.10716977544537128,-0.10716977544537128,-0.10716977544537128,0.0,0.0,0.0,14.676949397172145
1990-04-01,14.79611815629054,12.288807433761987,17.14467496741648,14.79611815629054,14.79611815629054,-0.12439135427478934,-0.12439135427478934,-0.12439135427478934,-0.12439135427478934,-0.12439135427478934,-0.12439135427478934,0.0,0.0,0.0,14.67172680201575
1990-05-01,14.807730075974114,12.174867725807003,17.04289451944407,14.807730075974114,14.807730075974114,-0.14016759123419786,-0.14016759123419786,-0.14016759123419786,-0.14016759123419786,-0.14016759123419786,-0.14016759123419786,0.0,0.0,0.0,14.667562484739916
1990-06-01,14.81972905964714,12.345455143789977,17.183315829323558,14.81972905964714,14.81972905964714,-0.14130615165196983,-0.14130615165196983,-0.14130615165196983,-0.14130615165196983,-0.14130615165196983,-0.14130615165196983,0.0,0.0,0.0,14.67842290799517
1990-07-01,14.831340979330713,12.229218633918217,17.246444326723037,14.831340979330713,14.831340979330713,-0.03625097261160009,-0.03625097261160009,-0.03625097261160009,-0.03625097261160009,-0.03625097261160009,-0.03625097261160009,0.0,0.0,0.0,14.795090006719112
1990-08-01,14.843340024470786,12.488316990765918,17.434687185091672,14.843340024470786,14.843340024470786,0.14215072794187647,0.14215072794187647,0.14215072794187647,0.14215072794187647,0.14215072794187647,0.14215072794187647,0.0,0.0,0.0,14.985490752412662
1990-09-01,14.855339069610858,12.80297786114691,17.405821010293973,14.855339069610858,14.855339069610858,0.12971459383435982,0.12971459383435982,0.12971459383435982,0.12971459383435982,0.12971459383435982,0.12971459383435982,0.0,0.0,0.0,14.985053663445218
1990-10-01,14.866951048778672,12.267762930841357,17.015057781034518,14.866951048778672,14.866951048778672,-0.2344300748060077,-0.2344300748060077,-0.2344300748060077,-0.2344300748060077,-0.2344300748060077,-0.2344300748060077,0.0,0.0,0.0,14.632520973972664
1990-11-01,14.878950093918746,12.34777774756219,17.117019635132795,14.878950093918746,14.878950093918746,-0.20278253930469042,-0.20278253930469042,-0.20278253930469042,-0.20278253930469042,-0.20278253930469042,-0.20278253930469042,0.0,0.0,0.0,14.676167554614056
1990-12-01,14.89056207308656,12.611067245702392,17.235658780581016,14.89056207308656,14.89056207308656,0.07945916500921654,0.07945916500921654,0.07945916500921654,0.07945916500921654,0.07945916500921654,0.07945916500921654,0.0,0.0,0.0,14.970021238095777
1991-01-01,14.902561118226632,12.127366449697222,17.071650093196112,14.902561118226632,14.902561118226632,-0.19445731435270175,-0.19445731435270175,-0.19445731435270175,-0.19445731435270175,-0.19445731435270175,-0.19445731435270175,0.0,0.0,0.0,14.70810380387393
1991-02-01,14.914560163366705,12.426757624044269,17.36795118335878,14.914560163366705,14.914560163366705,-0.018470264406933033,-0.018470264406933033,-0.018470264406933033,-0.018470264406933033,-0.018470264406933033,-0.018470264406933033,0.0,0.0,0.0,14.896089898959772
1991-03-01,14.925398010589998,12.30068235901049,17.041241304137767,14.925398010589998,14.925398010589998,-0.22243886213096226,-0.22243886213096226,-0.22243886213096226,-0.22243886213096226,-0.22243886213096226,-0.22243886213096226,0.0,0.0,0.0,14.702959148459035
1991-04-01,14.937397055730072,12.314616832131502,17.21366740434128,14.937397055730072,14.937397055730072,-0.06602867179833671,-0.06602867179833671,-0.06602867179833671,-0.06602867179833671,-0.06602867179833671,-0.06602867179833671,0.0,0.0,0.0,14.871368383931735
1991-05-01,14.949009034897886,12.322467939409464,17.090629086594607,14.949009034897886,14.949009034897886,-0.17414598735876247,-0.17414598735876247,-0.17414598735876247,-0.17414598735876247,-0.17414598735876247,-0.17414598735876247,0.0,0.0,0.0,14.774863047539123
1991-06-01,14.96100808003796,12.639719670693593,17.39669847655174,14.96100808003796,14.96100808003796,-0.10030868768754195,-0.10030868768754195,-0.10030868768754195,-0.10030868768754195,-0.10030868768754195,-0.10030868768754195,0.0,0.0,0.0,14.860699392350417
1991-07-01,14.972620059205772,12.50133195136506,17.3313865183746,14.972620059205772,14.972620059205772,-0.05879980594702594,-0.05879980594702594,-0.05879980594702594,-0.05879980594702594,-0.05879980594702594,-0.05879980594702594,0.0,0.0,0.0,14.913820253258747
1991-08-01,14.984619104345846,12.601542415381715,17.574452560685106,14.984619104345846,14.984619104345846,0.16638595654474667,0.16638595654474667,0.16638595654474667,0.16638595654474667,0.16638595654474667,0.16638595654474667,0.0,0.0,0.0,15.151005060890594
1991-09-01,14.99661814948592,12.651067624186254,17.572012646150483,14.99661814948592,14.99661814948592,0.14667082056657316,0.14667082056657316,0.14667082056657316,0.14667082056657316,0.14667082056657316,0.14667082056657316,0.0,0.0,0.0,15.143288970052494
1991-10-01,15.008230128653732,12.352024577694989,17.165758886218573,15.008230128653732,15.008230128653732,-0.29691086685562157,-0.29691086685562157,-0.29691086685562157,-0.29691086685562157,-0.29691086685562157,-0.29691086685562157,0.0,0.0,0.0,14.71131926179811
1991-11-01,15.020229173793805,12.347242079404872,17.113306892508614,15.020229173793805,15.020229173793805,-0.20430898397956884,-0.20430898397956884,-0.20430898397956884,-0.20430898397956884,-0.20430898397956884,-0.20430898397956884,0.0,0.0,0.0,14.815920189814236
1991-12-01,15.03184115296162,12.733305028330598,17.55087101869608,15.03184115296162,15.03184115296162,0.12257172092434225,0.12257172092434225,0.12257172092434225,0.12257172092434225,0.12257172092434225,0.12257172092434225,0.0,0.0,0.0,15.154412873885963
1992-01-01,15.043840198101693,12.350797837015117,17.415969539609165,15.043840198101693,15.043840198101693,-0.21950185845861842,-0.21950185845861842,-0.21950185845861842,-0.21950185845861842,-0.21950185845861842,-0.21950185845861842,0.0,0.0,0.0,14.824338339643074
1992-02-01,15.055839243241767,12.620034255748108,17.755510176399753,15.055839243241767,15.055839243241767,0.06450744027089078,0.06450744027089078,0.06450744027089078,0.06450744027089078,0.06450744027089078,0.06450744027089078,0.0,0.0,0.0,15.120346683512658
1992-03-01,15.06706415643732,12.632259123433448,17.619920952809334,15.06706415643732,15.06706415643732,0.12291950880508062,0.12291950880508062,0.12291950880508062,0.12291950880508062,0.12291950880508062,0.12291950880508062,0.0,0.0,0.0,15.189983665242401
1992-04-01,15.079156725000134,12.56164318867872,17.282233639514153,15.079156725000134,15.079156725000134,-0.23784539123696036,-0.23784539123696036,-0.23784539123696036,-0.23784539123696036,-0.23784539123696036,-0.23784539123696036,0.0,0.0,0.0,14.841311333763173
1992-05-01,15.09085921070608,12.368973462876246,17.587554250822336,15.09085921070608,15.09085921070608,-0.07158532890557272,-0.07158532890557272,-0.07158532890557272,-0.07158532890557272,-0.07158532890557272,-0.07158532890557272,0.0,0.0,0.0,15.019273881800508
1992-06-01,15.102951779268892,12.518098489202236,17.360583852626487,15.102951779268892,15.102951779268892,-0.2225063052630074,-0.2225063052630074,-0.2225063052630074,-0.2225063052630074,-0.2225063052630074,-0.2225063052630074,0.0,0.0,0.0,14.880445474005885
1992-07-01,15.11465426497484,12.696049459617726,17.413784834165536,15.11465426497484,15.11465426497484,0.00836769646548158,0.00836769646548158,0.00836769646548158,0.00836769646548158,0.00836769646548158,0.00836769646548158,0.0,0.0,0.0,15.123021961440323
1992-08-01,15.126746833537652,12.720279373166541,17.635732673849326,15.126746833537652,15.126746833537652,0.09369153266723719,0.09369153266723719,0.09369153266723719,0.09369153266723719,0.09369153266723719,0.09369153266723719,0.0,0.0,0.0,15.22043836620489
1992-09-01,15.138839402100466,12.673799782773589,17.566058233057298,15.138839402100466,15.138839402100466,0.0920837970848562,0.0920837970848562,0.0920837970848562,0.0920837970848562,0.0920837970848562,0.0920837970848562,0.0,0.0,0.0,15.230923199185321
1992-10-01,15.150541887806412,12.528378471896229,17.27415056226721,15.150541887806412,15.150541887806412,-0.10952881275938069,-0.10952881275938069,-0.10952881275938069,-0.10952881275938069,-0.10952881275938069,-0.10952881275938069,0.0,0.0,0.0,15.041013075047031
1992-11-01,15.162634456369226,12.55384476616754,17.3716437552075,15.162634456369226,15.162634456369226,-0.1953029408899761,-0.1953029408899761,-0.1953029408899761,-0.1953029408899761,-0.1953029408899761,-0.1953029408899761,0.0,0.0,0.0,14.96733151547925
1992-12-01,15.174336942075172,12.831443986283425,17.62568456654749,15.174336942075172,15.174336942075172,-0.006526195435073933,-0.006526195435073933,-0.006526195435073933,-0.006526195435073933,-0.006526195435073933,-0.006526195435073933,0.0,0.0,0.0,15.167810746640098
1993-01-01,15.186429510637986,12.623713561424502,17.55969672914289,15.186429510637986,15.186429510637986,-0.14348776181192358,-0.14348776181192358,-0.14348776181192358,-0.14348776181192358,-0.14348776181192358,-0.14348776181192358,0.0,0.0,0.0,15.042941748826061
1993-02-01,15.198522079200798,12.469667616193167,17.43089650868137,15.198522079200798,15.198522079200798,-0.18774926740923772,-0.18774926740923772,-0.18774926740923772,-0.18774926740923772,-0.18774926740923772,-0.18774926740923772,0.0,0.0,0.0,15.01077281179156
1993-03-01,15.209444399193014,12.869746175318381,17.751861309132632,15.209444399193014,15.209444399193014,0.00798540421288312,0.00798540421288312,0.00798540421288312,0.00798540421288312,0.00798540421288312,0.00798540421288312,0.0,0.0,0.0,15.217429803405897
1993-04-01,15.221536967755828,12.685652102929714,17.33579856700997,15.221536967755828,15.221536967755828,-0.18167175170619068,-0.18167175170619068,-0.18167175170619068,-0.18167175170619068,-0.18167175170619068,-0.18167175170619068,0.0,0.0,0.0,15.039865216049638
1993-05-01,15.233239453461774,12.71935281192694,17.616540100959533,15.233239453461774,15.233239453461774,-0.10597563071562638,-0.10597563071562638,-0.10597563071562638,-0.10597563071562638,-0.10597563071562638,-0.10597563071562638,0.0,0.0,0.0,15.127263822746148
1993-06-01,15.245332022024588,12.415069889988656,17.60322346951749,15.245332022024588,15.245332022024588,-0.18205076567260117,-0.18205076567260117,-0.18205076567260117,-0.18205076567260117,-0.18205076567260117,-0.18205076567260117,0.0,0.0,0.0,15.063281256351987
1993-07-01,15.257034507730534,12.782703020586709,17.764205752122376,15.257034507730534,15.257034507730534,-0.013860176180982823,-0.013860176180982823,-0.013860176180982823,-0.013860176180982823,-0.013860176180982823,-0.013860176180982823,0.0,0.0,0.0,15.243174331549552
1993-08-01,15.269127076293348,12.945874333007119,17.74252013948579,15.269127076293348,15.269127076293348,0.11790993027463932,0.11790993027463932,0.11790993027463932,0.11790993027463932,0.11790993027463932,0.11790993027463932,0.0,0.0,0.0,15.387037006567986
1993-09-01,15.28121964485616,13.046916905187619,17.811935314355782,15.28121964485616,15.28121964485616,0.11151629456797202,0.11151629456797202,0.11151629456797202,0.11151629456797202,0.11151629456797202,0.11151629456797202,0.0,0.0,0.0,15.392735939424131
1993-10-01,15.292922130562106,12.792622866908644,17.583438753625554,15.292922130562106,15.292922130562106,-0.1719450531894468,-0.1719450531894468,-0.1719450531894468,-0.1719450531894468,-0.1719450531894468,-0.1719450531894468,0.0,0.0,0.0,15.12097707737266
1993-11-01,15.305014699377935,12.60818427924342,17.575430260586444,15.305014699377935,15.305014699377935,-0.19977719468981456,-0.19977719468981456,-0.19977719468981456,-0.19977719468981456,-0.19977719468981456,-0.19977719468981456,0.0,0.0,0.0,15.105237504688121
1993-12-01,15.316717185328738,12.985228842702844,17.779388215460607,15.316717185328738,15.316717185328738,0.036411093818413696,0.036411093818413696,0.036411093818413696,0.036411093818413696,0.036411093818413696,0.036411093818413696,0.0,0.0,0.0,15.353128279147152
1994-01-01,15.328809754144567,12.718159506910974,17.374952312112196,15.328809754144567,15.328809754144567,-0.1691214628840285,-0.1691214628840285,-0.1691214628840285,-0.1691214628840285,-0.1691214628840285,-0.1691214628840285,0.0,0.0,0.0,15.159688291260538
1994-02-01,15.340902322960394,12.865438636144715,17.590704818414125,15.340902322960394,15.340902322960394,-0.10257952967329548,-0.10257952967329548,-0.10257952967329548,-0.10257952967329548,-0.10257952967329548,-0.10257952967329548,0.0,0.0,0.0,15.238322793287098
1994-03-01,15.351824643181146,12.712652610630826,17.750903835725783,15.351824643181146,15.351824643181146,-0.1071697754454153,-0.1071697754454153,-0.1071697754454153,-0.1071697754454153,-0.1071697754454153,-0.1071697754454153,0.0,0.0,0.0,15.244654867735731
1994-04-01,15.363917211996974,12.829172562034026,17.855257511668523,15.363917211996974,15.363917211996974,-0.12439135427476974,-0.12439135427476974,-0.12439135427476974,-0.12439135427476974,-0.12439135427476974,-0.12439135427476974,0.0,0.0,0.0,15.239525857722203
1994-05-01,15.375619697947776,12.853588867319631,17.72381580927037,15.375619697947776,15.375619697947776,-0.14016759123413117,-0.14016759123413117,-0.14016759123413117,-0.14016759123413117,-0.14016759123413117,-0.14016759123413117,0.0,0.0,0.0,15.235452106713645
1994-06-01,15.387712266763605,12.861126500749169,17.521802976455458,15.387712266763605,15.387712266763605,-0.1413061516520053,-0.1413061516520053,-0.1413061516520053,-0.1413061516520053,-0.1413061516520053,-0.1413061516520053,0.0,0.0,0.0,15.2464061151116
1994-07-01,15.399414752714407,12.97175378678545,17.5406608739102,15.399414752714407,15.399414752714407,-0.03625097261169487,-0.03625097261169487,-0.03625097261169487,-0.03625097261169487,-0.03625097261169487,-0.03625097261169487,0.0,0.0,0.0,15.363163780102711
1994-08-01,15.41150732153024,13.168491257359175,17.89089370980853,15.41150732153024,15.41150732153024,0.14215072794180225,0.14215072794180225,0.14215072794180225,0.14215072794180225,0.14215072794180225,0.14215072794180225,0.0,0.0,0.0,15.553658049472041
1994-09-01,15.423599890346068,13.158509203576665,18.009781341281123,15.423599890346068,15.423599890346068,0.12971459383426784,0.12971459383426784,0.12971459383426784,0.12971459383426784,0.12971459383426784,0.12971459383426784,0.0,0.0,0.0,15.553314484180335
1994-10-01,15.43530237629687,13.01853274884231,17.66214176464804,15.43530237629687,15.43530237629687,-0.2344300748062273,-0.2344300748062273,-0.2344300748062273,-0.2344300748062273,-0.2344300748062273,-0.2344300748062273,0.0,0.0,0.0,15.200872301490643
1994-11-01,15.447394945112698,12.877919945978572,17.610884490588504,15.447394945112698,15.447394945112698,-0.2027825393047562,-0.2027825393047562,-0.2027825393047562,-0.2027825393047562,-0.2027825393047562,-0.2027825393047562,0.0,0.0,0.0,15.244612405807942
1994-12-01,15.4590974310635,13.14595522330239,18.081528666414425,15.4590974310635,15.4590974310635,0.0794591650091737,0.0794591650091737,0.0794591650091737,0.0794591650091737,0.0794591650091737,0.0794591650091737,0.0,0.0,0.0,15.538556596072674
1995-01-01,15.47118999987933,12.946522141034059,17.74747264424288,15.47118999987933,15.47118999987933,-0.19445731435276759,-0.19445731435276759,-0.19445731435276759,-0.19445731435276759,-0.19445731435276759,-0.19445731435276759,0.0,0.0,0.0,15.276732685526563
1995-02-01,15.48328256869516,12.959067979059355,17.807216253052985,15.48328256869516,15.48328256869516,-0.018470264406729494,-0.018470264406729494,-0.018470264406729494,-0.018470264406729494,-0.018470264406729494,-0.018470264406729494,0.0,0.0,0.0,15.46481230428843
1995-03-01,15.49420488891591,12.730455297417857,17.75482319624142,15.49420488891591,15.49420488891591,-0.22243886213161487,-0.22243886213161487,-0.22243886213161487,-0.22243886213161487,-0.22243886213161487,-0.22243886213161487,0.0,0.0,0.0,15.271766026784295
1995-04-01,15.506297457731739,13.107643198533303,17.978392301006277,15.506297457731739,15.506297457731739,-0.06602867179868097,-0.06602867179868097,-0.06602867179868097,-0.06602867179868097,-0.06602867179868097,-0.06602867179868097,0.0,0.0,0.0,15.440268785933057
1995-05-01,15.51799994368254,12.957530441675345,17.693071245651506,15.51799994368254,15.51799994368254,-0.17414598735903855,-0.17414598735903855,-0.17414598735903855,-0.17414598735903855,-0.17414598735903855,-0.17414598735903855,0.0,0.0,0.0,15.343853956323501
1995-06-01,15.530092507418509,12.926696290329668,17.71926740921174,15.530092507418509,15.530092507418509,-0.10030868768757491,-0.10030868768757491,-0.10030868768757491,-0.10030868768757491,-0.10030868768757491,-0.10030868768757491,0.0,0.0,0.0,15.429783819730934
1995-07-01,15.541794988453319,12.9902967609056,17.878226252481795,15.541794988453319,15.541794988453319,-0.05879980594675399,-0.05879980594675399,-0.05879980594675399,-0.05879980594675399,-0.05879980594675399,-0.05879980594675399,0.0,0.0,0.0,15.482995182506565
1995-08-01,15.55388755218929,13.281287820637466,18.27097880204654,15.55388755218929,15.55388755218929,0.16638595654455743,0.16638595654455743,0.16638595654455743,0.16638595654455743,0.16638595654455743,0.16638595654455743,0.0,0.0,0.0,15.720273508733847
1995-09-01,15.565980115925257,13.357122454693728,18.131773530474888,15.565980115925257,15.565980115925257,0.14667082056675482,0.14667082056675482,0.14667082056675482,0.14667082056675482,0.14667082056675482,0.14667082056675482,0.0,0.0,0.0,15.712650936492011
1995-10-01,15.577682596960067,12.895311469555313,17.679249788333095,15.577682596960067,15.577682596960067,-0.29691086685546914,-0.29691086685546914,-0.29691086685546914,-0.29691086685546914,-0.29691086685546914,-0.29691086685546914,0.0,0.0,0.0,15.280771730104597
1995-11-01,15.589775160696036,12.972381273799177,17.80042052621981,15.589775160696036,15.589775160696036,-0.20430898397978078,-0.20430898397978078,-0.20430898397978078,-0.20430898397978078,-0.20430898397978078,-0.20430898397978078,0.0,0.0,0.0,15.385466176716255
1995-12-01,15.601477641730844,13.283108977216441,18.207552716892508,15.601477641730844,15.601477641730844,0.12257172092418861,0.12257172092418861,0.12257172092418861,0.12257172092418861,0.12257172092418861,0.12257172092418861,0.0,0.0,0.0,15.724049362655032
1996-01-01,15.613570205466814,13.131208723956574,17.850531523528495,15.613570205466814,15.613570205466814,-0.21950185845868303,-0.21950185845868303,-0.21950185845868303,-0.21950185845868303,-0.21950185845868303,-0.21950185845868303,0.0,0.0,0.0,15.394068347008131
1996-02-01,15.625662769202783,13.187488993515295,18.147133003389914,15.625662769202783,15.625662769202783,0.06450744027075749,0.06450744027075749,0.06450744027075749,0.06450744027075749,0.06450744027075749,0.06450744027075749,0.0,0.0,0.0,15.690170209473541
1996-03-01,15.63697516753643,13.487505656145363,18.114473446026928,15.63697516753643,15.63697516753643,0.12291950880544733,0.12291950880544733,0.12291950880544733,0.12291950880544733,0.12291950880544733,0.12291950880544733,0.0,0.0,0.0,15.759894676341878
1996-04-01,15.649067731272401,12.984294737390607,17.742670362999203,15.649067731272401,15.649067731272401,-0.2378453912367659,-0.2378453912367659,-0.2378453912367659,-0.2378453912367659,-0.2378453912367659,-0.2378453912367659,0.0,0.0,0.0,15.411222340035636
1996-05-01,15.660770212307211,13.310111537809004,17.934863713258984,15.660770212307211,15.660770212307211,-0.07158532890533822,-0.07158532890533822,-0.07158532890533822,-0.07158532890533822,-0.07158532890533822,-0.07158532890533822,0.0,0.0,0.0,15.589184883401874
1996-06-01,15.672862776043178,13.025801707462401,17.86984830780795,15.672862776043178,15.672862776043178,-0.22250630526301518,-0.22250630526301518,-0.22250630526301518,-0.22250630526301518,-0.22250630526301518,-0.22250630526301518,0.0,0.0,0.0,15.450356470780163
1996-07-01,15.684565257077988,13.152535831608713,17.941567074253367,15.684565257077988,15.684565257077988,0.008367696465390513,0.008367696465390513,0.008367696465390513,0.008367696465390513,0.008367696465390513,0.008367696465390513,0.0,0.0,0.0,15.692932953543378
1996-08-01,15.696657820813957,13.341701436956761,18.21238241876818,15.696657820813957,15.696657820813957,0.09369153266716426,0.09369153266716426,0.09369153266716426,0.09369153266716426,0.09369153266716426,0.09369153266716426,0.0,0.0,0.0,15.79034935348112
1996-09-01,15.708750384549925,13.468222422135872,18.043463201986455,15.708750384549925,15.708750384549925,0.09208379708509402,0.09208379708509402,0.09208379708509402,0.09208379708509402,0.09208379708509402,0.09208379708509402,0.0,0.0,0.0,15.800834181635018
1996-10-01,15.720452865584734,13.271266222620111,18.114318016294717,15.720452865584734,15.720452865584734,-0.10952881275937361,-0.10952881275937361,-0.10952881275937361,-0.10952881275937361,-0.10952881275937361,-0.10952881275937361,0.0,0.0,0.0,15.61092405282536
1996-11-01,15.732545429320705,13.249829451298352,17.892565141726582,15.732545429320705,15.732545429320705,-0.1953029408901804,-0.1953029408901804,-0.1953029408901804,-0.1953029408901804,-0.1953029408901804,-0.1953029408901804,0.0,0.0,0.0,15.537242488430525
1996-12-01,15.744247910355515,13.280008593711395,18.332445143364673,15.744247910355515,15.744247910355515,-0.006526195435044319,-0.006526195435044319,-0.006526195435044319,-0.006526195435044319,-0.006526195435044319,-0.006526195435044319,0.0,0.0,0.0,15.73772171492047
1997-01-01,15.756340474091484,13.103145120249918,17.95571117969549,15.756340474091484,15.756340474091484,-0.14348776181188794,-0.14348776181188794,-0.14348776181188794,-0.14348776181188794,-0.14348776181188794,-0.14348776181188794,0.0,0.0,0.0,15.612852712279595
1997-02-01,15.76843303739534,13.027381983416209,18.185923294048997,15.76843303739534,15.76843303739534,-0.18774926740927048,-0.18774926740927048,-0.18774926740927048,-0.18774926740927048,-0.18774926740927048,-0.18774926740927048,0.0,0.0,0.0,15.58068376998607
1997-03-01,15.779355352637534,13.428251980163427,18.227393863940353,15.779355352637534,15.779355352637534,0.007985404212576756,0.007985404212576756,0.007985404212576756,0.007985404212576756,0.007985404212576756,0.007985404212576756,0.0,0.0,0.0,15.78734075685011
1997-04-01,15.791447915941388,13.133195649256495,17.975161912901765,15.791447915941388,15.791447915941388,-0.18167175170626798,-0.18167175170626798,-0.18167175170626798,-0.18167175170626798,-0.18167175170626798,-0.18167175170626798,0.0,0.0,0.0,15.60977616423512
1997-05-01,15.803150396558024,13.310620832024279,18.103910278463463,15.803150396558024,15.803150396558024,-0.10597563071571545,-0.10597563071571545,-0.10597563071571545,-0.10597563071571545,-0.10597563071571545,-0.10597563071571545,0.0,0.0,0.0,15.697174765842309
1997-06-01,15.815242959861877,13.371288710088871,18.23340385177039,15.815242959861877,15.815242959861877,-0.18205076567254472,-0.18205076567254472,-0.18205076567254472,-0.18205076567254472,-0.18205076567254472,-0.18205076567254472,0.0,0.0,0.0,15.633192194189332
1997-07-01,15.826945440478514,13.447954703784676,18.137429457915516,15.826945440478514,15.826945440478514,-0.013860176180933994,-0.013860176180933994,-0.013860176180933994,-0.013860176180933994,-0.013860176180933994,-0.013860176180933994,0.0,0.0,0.0,15.81308526429758
1997-08-01,15.83903800378237,13.552094717622598,18.39170781785098,15.83903800378237,15.83903800378237,0.11790993027476114,0.11790993027476114,0.11790993027476114,0.11790993027476114,0.11790993027476114,0.11790993027476114,0.0,0.0,0.0,15.956947934057132
1997-09-01,15.851130567086226,13.662987215400873,18.280745970656998,15.851130567086226,15.851130567086226,0.11151629456766472,0.11151629456766472,0.11151629456766472,0.11151629456766472,0.11151629456766472,0.11151629456766472,0.0,0.0,0.0,15.96264686165389
1997-10-01,15.862833047702859,13.478243518017335,18.02733555023355,15.862833047702859,15.862833047702859,-0.17194505318936026,-0.17194505318936026,-0.17194505318936026,-0.17194505318936026,-0.17194505318936026,-0.17194505318936026,0.0,0.0,0.0,15.6908879945135
1997-11-01,15.874925611006717,13.051178123534513,18.048503130305534,15.874925611006717,15.874925611006717,-0.1997771946896932,-0.1997771946896932,-0.1997771946896932,-0.1997771946896932,-0.1997771946896932,-0.1997771946896932,0.0,0.0,0.0,15.675148416317024
1997-12-01,15.886628091623352,13.637859630464,18.39484992136642,15.886628091623352,15.886628091623352,0.036411093818321416,0.036411093818321416,0.036411093818321416,0.036411093818321416,0.036411093818321416,0.036411093818321416,0.0,0.0,0.0,15.923039185441674
1998-01-01,15.898720654927205,13.31343372432763,18.103174061220358,15.898720654927205,15.898720654927205,-0.1691214628841038,-0.1691214628841038,-0.1691214628841038,-0.1691214628841038,-0.1691214628841038,-0.1691214628841038,0.0,0.0,0.0,15.729599192043102
1998-02-01,15.91081321823106,13.24658645526532,18.19616276520875,15.91081321823106,15.91081321823106,-0.10257952967322385,-0.10257952967322385,-0.10257952967322385,-0.10257952967322385,-0.10257952967322385,-0.10257952967322385,0.0,0.0,0.0,15.808233688557838
1998-03-01,15.921735533473255,13.49505874713155,18.183016663090175,15.921735533473255,15.921735533473255,-0.1071697754454829,-0.1071697754454829,-0.1071697754454829,-0.1071697754454829,-0.1071697754454829,-0.1071697754454829,0.0,0.0,0.0,15.814565758027772
1998-04-01,15.93382809677711,13.464256212158858,18.332648202917497,15.93382809677711,15.93382809677711,-0.12439135427475047,-0.12439135427475047,-0.12439135427475047,-0.12439135427475047,-0.12439135427475047,-0.12439135427475047,0.0,0.0,0.0,15.80943674250236
1998-05-01,15.945530577393745,13.282552431620612,18.24133135590474,15.945530577393745,15.945530577393745,-0.14016759123403855,-0.14016759123403855,-0.14016759123403855,-0.14016759123403855,-0.14016759123403855,-0.14016759123403855,0.0,0.0,0.0,15.805362986159707
1998-06-01,15.957623140697601,13.393337373776959,18.327454484566758,15.957623140697601,15.957623140697601,-0.14130615165201837,-0.14130615165201837,-0.14130615165201837,-0.14130615165201837,-0.14130615165201837,-0.14130615165201837,0.0,0.0,0.0,15.816316989045582
1998-07-01,15.969325621314237,13.583709587853397,18.45577685803028,15.969325621314237,15.969325621314237,-0.03625097261178365,-0.03625097261178365,-0.03625097261178365,-0.03625097261178365,-0.03625097261178365,-0.03625097261178365,0.0,0.0,0.0,15.933074648702453
1998-08-01,15.981418184618093,13.649218148456473,18.410651180207612,15.981418184618093,15.981418184618093,0.14215072794210293,0.14215072794210293,0.14215072794210293,0.14215072794210293,0.14215072794210293,0.14215072794210293,0.0,0.0,0.0,16.123568912560195
1998-09-01,15.993510747927779,13.796688281370612,18.451070291561212,15.993510747927779,15.993510747927779,0.12971459383437467,0.12971459383437467,0.12971459383437467,0.12971459383437467,0.12971459383437467,0.12971459383437467,0.0,0.0,0.0,16.123225341762154
1998-10-01,16.00521322855006,13.308003652073301,18.003858144429216,16.00521322855006,16.00521322855006,-0.23443007480627634,-0.23443007480627634,-0.23443007480627634,-0.23443007480627634,-0.23443007480627634,-0.23443007480627634,0.0,0.0,0.0,15.770783153743782
1998-11-01,16.017305791859748,13.271527197202555,18.344790943448903,16.017305791859748,16.017305791859748,-0.2027825393049583,-0.2027825393049583,-0.2027825393049583,-0.2027825393049583,-0.2027825393049583,-0.2027825393049583,0.0,0.0,0.0,15.814523252554789
1998-12-01,16.029008272482027,13.594536149674761,18.49679369558971,16.029008272482027,16.029008272482027,0.07945916500928679,0.07945916500928679,0.07945916500928679,0.07945916500928679,0.07945916500928679,0.07945916500928679,0.0,0.0,0.0,16.108467437491313
1999-01-01,16.041100835791713,13.507972534674728,18.375863365225946,16.041100835791713,16.041100835791713,-0.1944573143527431,-0.1944573143527431,-0.1944573143527431,-0.1944573143527431,-0.1944573143527431,-0.1944573143527431,0.0,0.0,0.0,15.84664352143897
1999-02-01,16.0531933991014,13.427654206141783,18.381038152821755,16.0531933991014,16.0531933991014,-0.018470264406962263,-0.018470264406962263,-0.018470264406962263,-0.018470264406962263,-0.018470264406962263,-0.018470264406962263,0.0,0.0,0.0,16.03472313469444
1999-03-01,16.064115714348862,13.408371080031776,18.288903833098463,16.064115714348862,16.064115714348862,-0.2224388621308369,-0.2224388621308369,-0.2224388621308369,-0.2224388621308369,-0.2224388621308369,-0.2224388621308369,0.0,0.0,0.0,15.841676852218026
1999-04-01,16.076208277658548,13.58024016120967,18.384851114978673,16.076208277658548,16.076208277658548,-0.06602867179815505,-0.06602867179815505,-0.06602867179815505,-0.06602867179815505,-0.06602867179815505,-0.06602867179815505,0.0,0.0,0.0,16.010179605860394
1999-05-01,16.087910758280827,13.52456020268427,18.327844614202665,16.087910758280827,16.087910758280827,-0.17414598735893752,-0.17414598735893752,-0.17414598735893752,-0.17414598735893752,-0.17414598735893752,-0.17414598735893752,0.0,0.0,0.0,15.91376477092189
1999-06-01,16.100003321590513,13.611704945771876,18.32644160345145,16.100003321590513,16.100003321590513,-0.1003086876875464,-0.1003086876875464,-0.1003086876875464,-0.1003086876875464,-0.1003086876875464,-0.1003086876875464,0.0,0.0,0.0,15.999694633902967
1999-07-01,16.111705802212793,13.674845863921497,18.6074309687103,16.111705802212793,16.111705802212793,-0.058799805946831256,-0.058799805946831256,-0.058799805946831256,-0.058799805946831256,-0.058799805946831256,-0.058799805946831256,0.0,0.0,0.0,16.052905996265963
1999-08-01,16.123798365522482,13.88154167208316,18.68683939255899,16.123798365522482,16.123798365522482,0.16638595654481472,0.16638595654481472,0.16638595654481472,0.16638595654481472,0.16638595654481472,0.16638595654481472,0.0,0.0,0.0,16.290184322067297
1999-09-01,16.13589092883217,13.816571218037739,18.633760191178947,16.13589092883217,16.13589092883217,0.14667082056661396,0.14667082056661396,0.14667082056661396,0.14667082056661396,0.14667082056661396,0.14667082056661396,0.0,0.0,0.0,16.28256174939878
1999-10-01,16.147593409454448,13.371877483331817,18.42378056213614,16.147593409454448,16.147593409454448,-0.2969108668556449,-0.2969108668556449,-0.2969108668556449,-0.2969108668556449,-0.2969108668556449,-0.2969108668556449,0.0,0.0,0.0,15.850682542598802
1999-11-01,16.159685972764134,13.495014082857265,18.42933711485484,16.159685972764134,16.159685972764134,-0.20430898397960143,-0.20430898397960143,-0.20430898397960143,-0.20430898397960143,-0.20430898397960143,-0.20430898397960143,0.0,0.0,0.0,15.955376988784533
1999-12-01,16.171388453386417,13.915272022973735,18.754145236316212,16.171388453386417,16.171388453386417,0.12257172092452842,0.12257172092452842,0.12257172092452842,0.12257172092452842,0.12257172092452842,0.12257172092452842,0.0,0.0,0.0,16.293960174310946
2000-01-01,16.183481016696103,13.342360048949145,18.417015449840903,16.183481016696103,16.183481016696103,-0.21950185845873538,-0.21950185845873538,-0.21950185845873538,-0.21950185845873538,-0.21950185845873538,-0.21950185845873538,0.0,0.0,0.0,15.963979158237368
2000-02-01,16.19557358000579,14.06578015441268,18.65707515150063,16.19557358000579,16.19557358000579,0.0645074402704951,0.0645074402704951,0.0645074402704951,0.0645074402704951,0.0645074402704951,0.0645074402704951,0.0,0.0,0.0,16.260081020276285
2000-03-01,16.206885977940658,13.866808089759049,18.6681583997458,16.206885977940658,16.206885977940658,0.12291950880465317,0.12291950880465317,0.12291950880465317,0.12291950880465317,0.12291950880465317,0.12291950880465317,0.0,0.0,0.0,16.32980548674531
2000-04-01,16.2110520864386,13.541966991694704,18.526676792136815,16.2110520864386,16.2110520864386,-0.23784539123674417,-0.23784539123674417,-0.23784539123674417,-0.23784539123674417,-0.23784539123674417,-0.23784539123674417,0.0,0.0,0.0,15.973206695201855
2000-05-01,16.21508380433983,13.796465432058714,18.39664663949485,16.21508380433983,16.21508380433983,-0.07158532890553966,-0.07158532890553966,-0.07158532890553966,-0.07158532890553966,-0.07158532890553966,-0.07158532890553966,0.0,0.0,0.0,16.143498475434292
2000-06-01,16.219249912837768,13.61109956803919,18.58087137477662,16.219249912837768,16.219249912837768,-0.22250630526282997,-0.22250630526282997,-0.22250630526282997,-0.22250630526282997,-0.22250630526282997,-0.22250630526282997,0.0,0.0,0.0,15.996743607574938
2000-07-01,16.223281630739,13.748232670401132,18.555849558465322,16.223281630739,16.223281630739,0.00836769646528422,0.00836769646528422,0.00836769646528422,0.00836769646528422,0.00836769646528422,0.00836769646528422,0.0,0.0,0.0,16.231649327204284
2000-08-01,16.227447739236936,13.85878070289436,18.646921666748433,16.227447739236936,16.227447739236936,0.09369153266728118,0.09369153266728118,0.09369153266728118,0.09369153266728118,0.09369153266728118,0.09369153266728118,0.0,0.0,0.0,16.32113927190422
2000-09-01,16.231613847734877,13.760293049992336,18.677595177324704,16.231613847734877,16.231613847734877,0.09208379708499899,0.09208379708499899,0.09208379708499899,0.09208379708499899,0.09208379708499899,0.09208379708499899,0.0,0.0,0.0,16.323697644819877
2000-10-01,16.23564556563611,13.76791982710282,18.41792110200208,16.23564556563611,16.23564556563611,-0.10952881275972104,-0.10952881275972104,-0.10952881275972104,-0.10952881275972104,-0.10952881275972104,-0.10952881275972104,0.0,0.0,0.0,16.12611675287639
2000-11-01,16.239811674134046,13.62135217764353,18.42176728221088,16.239811674134046,16.239811674134046,-0.19530294089035655,-0.19530294089035655,-0.19530294089035655,-0.19530294089035655,-0.19530294089035655,-0.19530294089035655,0.0,0.0,0.0,16.04450873324369
2000-12-01,16.243843392035277,13.84880074242527,18.464962391429278,16.243843392035277,16.243843392035277,-0.006526195434863583,-0.006526195434863583,-0.006526195434863583,-0.006526195434863583,-0.006526195434863583,-0.006526195434863583,0.0,0.0,0.0,16.237317196600415
2001-01-01,16.248009500533218,13.779656822556024,18.431213048782418,16.248009500533218,16.248009500533218,-0.14348776181171163,-0.14348776181171163,-0.14348776181171163,-0.14348776181171163,-0.14348776181171163,-0.14348776181171163,0.0,0.0,0.0,16.104521738721505
2001-02-01,16.252175609031156,13.598768445991062,18.440437994698602,16.252175609031156,16.252175609031156,-0.18774926740931025,-0.18774926740931025,-0.18774926740931025,-0.18774926740931025,-0.18774926740931025,-0.18774926740931025,0.0,0.0,0.0,16.064426341621846
2001-03-01,16.25593854573897,13.717756395328157,18.86355988399271,16.25593854573897,16.25593854573897,0.007985404212774288,0.007985404212774288,0.007985404212774288,0.007985404212774288,0.007985404212774288,0.007985404212774288,0.0,0.0,0.0,16.263923949951746
2001-04-01,16.26010465423691,13.654708908980991,18.510176773880058,16.26010465423691,16.26010465423691,-0.1816717517061689,-0.1816717517061689,-0.1816717517061689,-0.1816717517061689,-0.1816717517061689,-0.1816717517061689,0.0,0.0,0.0,16.07843290253074
2001-05-01,16.26413637213814,13.669353582041825,18.56557525633984,16.26413637213814,16.26413637213814,-0.1059756307157759,-0.1059756307157759,-0.1059756307157759,-0.1059756307157759,-0.1059756307157759,-0.1059756307157759,0.0,0.0,0.0,16.158160741422364
2001-06-01,16.268302480636077,13.571961078309172,18.537045782483784,16.268302480636077,16.268302480636077,-0.18205076567244233,-0.18205076567244233,-0.18205076567244233,-0.18205076567244233,-0.18205076567244233,-0.18205076567244233,0.0,0.0,0.0,16.086251714963634
2001-07-01,16.27233419853731,13.814068863968876,18.68115612909887,16.27233419853731,16.27233419853731,-0.01386017618072767,-0.01386017618072767,-0.01386017618072767,-0.01386017618072767,-0.01386017618072767,-0.01386017618072767,0.0,0.0,0.0,16.25847402235658
2001-08-01,16.27650030703525,13.879870637928118,18.92057282738007,16.27650030703525,16.27650030703525,0.11790993027475861,0.11790993027475861,0.11790993027475861,0.11790993027475861,0.11790993027475861,0.11790993027475861,0.0,0.0,0.0,16.39441023731001
2001-09-01,16.280666415533187,13.877778471668405,18.83571856453062,16.280666415533187,16.280666415533187,0.11151629456800821,0.11151629456800821,0.11151629456800821,0.11151629456800821,0.11151629456800821,0.11151629456800821,0.0,0.0,0.0,16.392182710101196
2001-10-01,16.284698133434418,13.727637475631472,18.613367611685813,16.284698133434418,16.284698133434418,-0.17194505318976336,-0.17194505318976336,-0.17194505318976336,-0.17194505318976336,-0.17194505318976336,-0.17194505318976336,0.0,0.0,0.0,16.112753080244655
2001-11-01,16.288864241932355,13.665472049367782,18.587674160056757,16.288864241932355,16.288864241932355,-0.19977719468970875,-0.19977719468970875,-0.19977719468970875,-0.19977719468970875,-0.19977719468970875,-0.19977719468970875,0.0,0.0,0.0,16.089087047242646
2001-12-01,16.284174660567242,13.971255081268321,18.70227626847803,16.284174660567242,16.284174660567242,0.036411093818425486,0.036411093818425486,0.036411093818425486,0.036411093818425486,0.036411093818425486,0.036411093818425486,0.0,0.0,0.0,16.320585754385668
2002-01-01,16.279328759823287,13.691106022463561,18.697013110903853,16.279328759823287,16.279328759823287,-0.16912146288420218,-0.16912146288420218,-0.16912146288420218,-0.16912146288420218,-0.16912146288420218,-0.16912146288420218,0.0,0.0,0.0,16.110207296939084
2002-02-01,16.274482859079335,13.869660209632707,18.6663121530557,16.274482859079335,16.274482859079335,-0.10257952967326212,-0.10257952967326212,-0.10257952967326212,-0.10257952967326212,-0.10257952967326212,-0.10257952967326212,0.0,0.0,0.0,16.17190332940607
2002-03-01,16.270105916471895,13.751823293722929,18.575994539562835,16.270105916471895,16.270105916471895,-0.10716977544487415,-0.10716977544487415,-0.10716977544487415,-0.10716977544487415,-0.10716977544487415,-0.10716977544487415,0.0,0.0,0.0,16.16293614102702
2002-04-01,16.265260015727943,13.895953789690875,18.529432500878265,16.265260015727943,16.265260015727943,-0.12439135427455641,-0.12439135427455641,-0.12439135427455641,-0.12439135427455641,-0.12439135427455641,-0.12439135427455641,0.0,0.0,0.0,16.140868661453386
2002-05-01,16.260570434362826,13.782461148450611,18.680135967563572,16.260570434362826,16.260570434362826,-0.1401675912339991,-0.1401675912339991,-0.1401675912339991,-0.1401675912339991,-0.1401675912339991,-0.1401675912339991,0.0,0.0,0.0,16.120402843128826
2002-06-01,16.25572453361887,13.746162950402526,18.36570635754823,16.25572453361887,16.25572453361887,-0.14130615165199398,-0.14130615165199398,-0.14130615165199398,-0.14130615165199398,-0.14130615165199398,-0.14130615165199398,0.0,0.0,0.0,16.11441838196688
2002-07-01,16.251034952253757,13.719099317820612,18.74914279757282,16.251034952253757,16.251034952253757,-0.03625097261193945,-0.03625097261193945,-0.03625097261193945,-0.03625097261193945,-0.03625097261193945,-0.03625097261193945,0.0,0.0,0.0,16.21478397964182
2002-08-01,16.246189051509802,13.987044535296146,18.762103951236377,16.246189051509802,16.246189051509802,0.14215072794195113,0.14215072794195113,0.14215072794195113,0.14215072794195113,0.14215072794195113,0.14215072794195113,0.0,0.0,0.0,16.38833977945175
2002-09-01,16.24134315076585,13.985346954049676,18.893273682785747,16.24134315076585,16.24134315076585,0.12971459383418743,0.12971459383418743,0.12971459383418743,0.12971459383418743,0.12971459383418743,0.12971459383418743,0.0,0.0,0.0,16.371057744600037
2002-10-01,16.236653569400737,13.657854014311905,18.3351048652839,16.236653569400737,16.236653569400737,-0.23443007480620387,-0.23443007480620387,-0.23443007480620387,-0.23443007480620387,-0.23443007480620387,-0.23443007480620387,0.0,0.0,0.0,16.00222349459453
2002-11-01,16.23180766865678,13.60365863634088,18.61761735574592,16.23180766865678,16.23180766865678,-0.2027825393045627,-0.2027825393045627,-0.2027825393045627,-0.2027825393045627,-0.2027825393045627,-0.2027825393045627,0.0,0.0,0.0,16.02902512935222
2002-12-01,16.227118087291668,13.797337989263632,18.70367265649611,16.227118087291668,16.227118087291668,0.07945916500919276,0.07945916500919276,0.07945916500919276,0.07945916500919276,0.07945916500919276,0.07945916500919276,0.0,0.0,0.0,16.306577252300862
2003-01-01,16.222272186547713,13.67140997468897,18.46563577720186,16.222272186547713,16.222272186547713,-0.19445731435296004,-0.19445731435296004,-0.19445731435296004,-0.19445731435296004,-0.19445731435296004,-0.19445731435296004,0.0,0.0,0.0,16.027814872194753
2003-02-01,16.21742628580376,13.854847211902024,18.410332823949958,16.21742628580376,16.21742628580376,-0.01847026440628033,-0.01847026440628033,-0.01847026440628033,-0.01847026440628033,-0.01847026440628033,-0.01847026440628033,0.0,0.0,0.0,16.198956021397482
2003-03-01,16.213049343196317,13.45337112461557,18.27791064668139,16.213049343196317,16.213049343196317,-0.22243886213099345,-0.22243886213099345,-0.22243886213099345,-0.22243886213099345,-0.22243886213099345,-0.22243886213099345,0.0,0.0,0.0,15.990610481065325
2003-04-01,16.208203442452366,13.502237979207907,18.58273096737916,16.208203442452366,16.208203442452366,-0.06602867179843902,-0.06602867179843902,-0.06602867179843902,-0.06602867179843902,-0.06602867179843902,-0.06602867179843902,0.0,0.0,0.0,16.142174770653927
2003-05-01,16.20351386108725,13.43968662424227,18.43325153426592,16.20351386108725,16.20351386108725,-0.17414598735880357,-0.17414598735880357,-0.17414598735880357,-0.17414598735880357,-0.17414598735880357,-0.17414598735880357,0.0,0.0,0.0,16.029367873728447
2003-06-01,16.1986679603433,13.772703316555761,18.47634274189477,16.1986679603433,16.1986679603433,-0.1003086876876151,-0.1003086876876151,-0.1003086876876151,-0.1003086876876151,-0.1003086876876151,-0.1003086876876151,0.0,0.0,0.0,16.098359272655685
2003-07-01,16.189527050757786,13.787662459121016,18.345451857684342,16.189527050757786,16.189527050757786,-0.058799805946819626,-0.058799805946819626,-0.058799805946819626,-0.058799805946819626,-0.058799805946819626,-0.058799805946819626,0.0,0.0,0.0,16.130727244810966
2003-08-01,16.18008144418609,13.846307540798037,18.88389090662007,16.18008144418609,16.18008144418609,0.16638595654458452,0.16638595654458452,0.16638595654458452,0.16638595654458452,0.16638595654458452,0.16638595654458452,0.0,0.0,0.0,16.346467400730674
2003-09-01,16.17063583761439,13.889509793036678,18.70211843424534,16.17063583761439,16.17063583761439,0.14667082056656444,0.14667082056656444,0.14667082056656444,0.14667082056656444,0.14667082056656444,0.14667082056656444,0.0,0.0,0.0,16.317306658180957
2003-10-01,16.16149492802888,13.379973148411763,18.231664344797412,16.16149492802888,16.16149492802888,-0.2969108668555227,-0.2969108668555227,-0.2969108668555227,-0.2969108668555227,-0.2969108668555227,-0.2969108668555227,0.0,0.0,0.0,15.864584061173357
2003-11-01,16.152049321457184,13.615409643782577,18.376237500833284,16.152049321457184,16.152049321457184,-0.20430898397985287,-0.20430898397985287,-0.20430898397985287,-0.20430898397985287,-0.20430898397985287,-0.20430898397985287,0.0,0.0,0.0,15.947740337477331
2003-12-01,16.14290841187167,13.77793163868546,18.67934224677068,16.14290841187167,16.14290841187167,0.12257172092414713,0.12257172092414713,0.12257172092414713,0.12257172092414713,0.12257172092414713,0.12257172092414713,0.0,0.0,0.0,16.265480132795815
2004-01-01,16.133462805299978,13.47843347211663,18.335037342424815,16.133462805299978,16.133462805299978,-0.21950185845872278,-0.21950185845872278,-0.21950185845872278,-0.21950185845872278,-0.21950185845872278,-0.21950185845872278,0.0,0.0,0.0,15.913960946841256
2004-02-01,16.124017198728275,13.863721432038723,18.454173202783196,16.124017198728275,16.124017198728275,0.06450744027086798,0.06450744027086798,0.06450744027086798,0.06450744027086798,0.06450744027086798,0.06450744027086798,0.0,0.0,0.0,16.188524638999144
2004-03-01,16.115180986128948,13.840143701529563,18.667740054160582,16.115180986128948,16.115180986128948,0.12291950880526359,0.12291950880526359,0.12291950880526359,0.12291950880526359,0.12291950880526359,0.12291950880526359,0.0,0.0,0.0,16.238100494934212
2004-04-01,16.105735379557256,13.495009348116104,18.24523548220888,16.105735379557256,16.105735379557256,-0.23784539123701398,-0.23784539123701398,-0.23784539123701398,-0.23784539123701398,-0.23784539123701398,-0.23784539123701398,0.0,0.0,0.0,15.867889988320242
2004-05-01,16.09659446997174,13.747111177213517,18.347575624732926,16.09659446997174,16.09659446997174,-0.0715853289054346,-0.0715853289054346,-0.0715853289054346,-0.0715853289054346,-0.0715853289054346,-0.0715853289054346,0.0,0.0,0.0,16.025009141066306
2004-06-01,16.087148863400046,13.364003426217614,18.296526475345097,16.087148863400046,16.087148863400046,-0.22250630526308404,-0.22250630526308404,-0.22250630526308404,-0.22250630526308404,-0.22250630526308404,-0.22250630526308404,0.0,0.0,0.0,15.864642558136962
2004-07-01,16.078007953814534,13.607887817298964,18.52957006093156,16.078007953814534,16.078007953814534,0.00836769646536641,0.00836769646536641,0.00836769646536641,0.00836769646536641,0.00836769646536641,0.00836769646536641,0.0,0.0,0.0,16.0863756502799
2004-08-01,16.068562347242832,13.732179791031543,18.52894132847705,16.068562347242832,16.068562347242832,0.09369153266732656,0.09369153266732656,0.09369153266732656,0.09369153266732656,0.09369153266732656,0.09369153266732656,0.0,0.0,0.0,16.162253879910157
2004-09-01,16.05911674067114,13.63226788753104,18.573927867366702,16.05911674067114,16.05911674067114,0.09208379708472535,0.09208379708472535,0.09208379708472535,0.09208379708472535,0.09208379708472535,0.09208379708472535,0.0,0.0,0.0,16.151200537755866
2004-10-01,16.049975831085625,13.556192469437523,18.10690136846939,16.049975831085625,16.049975831085625,-0.10952881275908835,-0.10952881275908835,-0.10952881275908835,-0.10952881275908835,-0.10952881275908835,-0.10952881275908835,0.0,0.0,0.0,15.940447018326537
2004-11-01,16.04053022451393,13.519409737434534,18.1139895810044,16.04053022451393,16.04053022451393,-0.1953029408901531,-0.1953029408901531,-0.1953029408901531,-0.1953029408901531,-0.1953029408901531,-0.1953029408901531,0.0,0.0,0.0,15.845227283623776
2004-12-01,16.03138931492842,13.564468790016013,18.583428489717093,16.03138931492842,16.03138931492842,-0.00652619543508893,-0.00652619543508893,-0.00652619543508893,-0.00652619543508893,-0.00652619543508893,-0.00652619543508893,0.0,0.0,0.0,16.02486311949333
2005-01-01,16.02194370835672,13.712480406208284,18.332796244692396,16.02194370835672,16.02194370835672,-0.14348776181216524,-0.14348776181216524,-0.14348776181216524,-0.14348776181216524,-0.14348776181216524,-0.14348776181216524,0.0,0.0,0.0,15.878455946544554
2005-02-01,16.01249808660872,13.482594997813726,18.23006161216474,16.01249808660872,16.01249808660872,-0.18774926740889034,-0.18774926740889034,-0.18774926740889034,-0.18774926740889034,-0.18774926740889034,-0.18774926740889034,0.0,0.0,0.0,15.82474881919983
2005-03-01,16.003966557287942,13.615923766303892,18.236734213246574,16.003966557287942,16.003966557287942,0.007985404212373285,0.007985404212373285,0.007985404212373285,0.007985404212373285,0.007985404212373285,0.007985404212373285,0.0,0.0,0.0,16.011951961500316
2005-04-01,15.994520935539944,13.489191547493803,18.1971333114429,15.994520935539944,15.994520935539944,-0.18167175170610636,-0.18167175170610636,-0.18167175170610636,-0.18167175170610636,-0.18167175170610636,-0.18167175170610636,0.0,0.0,0.0,15.812849183833837
2005-05-01,15.985380011267683,13.408004498428822,18.188310192105757,15.985380011267683,15.985380011267683,-0.10597563071540937,-0.10597563071540937,-0.10597563071540937,-0.10597563071540937,-0.10597563071540937,-0.10597563071540937,0.0,0.0,0.0,15.879404380552273
2005-06-01,15.975934389519683,13.410614335757518,18.127359574838845,15.975934389519683,15.975934389519683,-0.18205076567276027,-0.18205076567276027,-0.18205076567276027,-0.18205076567276027,-0.18205076567276027,-0.18205076567276027,0.0,0.0,0.0,15.793883623846922
2005-07-01,15.966793465247424,13.626471305718288,18.36994287204097,15.966793465247424,15.966793465247424,-0.013860176180864735,-0.013860176180864735,-0.013860176180864735,-0.013860176180864735,-0.013860176180864735,-0.013860176180864735,0.0,0.0,0.0,15.952933289066559
2005-08-01,15.957347843499422,13.841061405281755,18.404884854574746,15.957347843499422,15.957347843499422,0.1179099302744368,0.1179099302744368,0.1179099302744368,0.1179099302744368,0.1179099302744368,0.1179099302744368,0.0,0.0,0.0,16.07525777377386
2005-09-01,15.947902221751422,13.667843766572824,18.513575116700107,15.947902221751422,15.947902221751422,0.1115162945676172,0.1115162945676172,0.1115162945676172,0.1115162945676172,0.1115162945676172,0.1115162945676172,0.0,0.0,0.0,16.059418516319038
2005-10-01,15.938761297479163,13.356512292848928,18.200778348736083,15.938761297479163,15.938761297479163,-0.17194505318925926,-0.17194505318925926,-0.17194505318925926,-0.17194505318925926,-0.17194505318925926,-0.17194505318925926,0.0,0.0,0.0,15.766816244289902
2005-11-01,15.929315675731162,13.394444649191863,18.28078170434654,15.929315675731162,15.929315675731162,-0.19977719468958058,-0.19977719468958058,-0.19977719468958058,-0.19977719468958058,-0.19977719468958058,-0.19977719468958058,0.0,0.0,0.0,15.729538481041581
2005-12-01,15.920174751458905,13.533492277208873,18.12092446242147,15.920174751458905,15.920174751458905,0.036411093818525725,0.036411093818525725,0.036411093818525725,0.036411093818525725,0.036411093818525725,0.036411093818525725,0.0,0.0,0.0,15.95658584527743
2006-01-01,15.910729129710901,13.253170971695157,18.10101412000571,15.910729129710901,15.910729129710901,-0.16912146288390734,-0.16912146288390734,-0.16912146288390734,-0.16912146288390734,-0.16912146288390734,-0.16912146288390734,0.0,0.0,0.0,15.741607666826994
2006-02-01,15.901283507962903,13.322024074690264,18.114862222868155,15.901283507962903,15.901283507962903,-0.10257952967290018,-0.10257952967290018,-0.10257952967290018,-0.10257952967290018,-0.10257952967290018,-0.10257952967290018,0.0,0.0,0.0,15.798703978290003
2006-03-01,15.892751978642128,13.399777342418883,18.380067229945496,15.892751978642128,15.892751978642128,-0.10716977544581814,-0.10716977544581814,-0.10716977544581814,-0.10716977544581814,-0.10716977544581814,-0.10716977544581814,0.0,0.0,0.0,15.78558220319631
2006-04-01,15.883306356894126,13.23725798967134,18.00688760797812,15.883306356894126,15.883306356894126,-0.12439135427481972,-0.12439135427481972,-0.12439135427481972,-0.12439135427481972,-0.12439135427481972,-0.12439135427481972,0.0,0.0,0.0,15.758915002619306
2006-05-01,15.874165432621869,13.218979761436746,18.055522365683945,15.874165432621869,15.874165432621869,-0.1401675912344303,-0.1401675912344303,-0.1401675912344303,-0.1401675912344303,-0.1401675912344303,-0.1401675912344303,0.0,0.0,0.0,15.733997841387438
2006-06-01,15.864719810873867,13.446066176886927,18.184364746293816,15.864719810873867,15.864719810873867,-0.14130615165200783,-0.14130615165200783,-0.14130615165200783,-0.14130615165200783,-0.14130615165200783,-0.14130615165200783,0.0,0.0,0.0,15.723413659221858
2006-07-01,15.855578886601608,13.52739089410704,18.412482871864924,15.855578886601608,15.855578886601608,-0.036250972611551774,-0.036250972611551774,-0.036250972611551774,-0.036250972611551774,-0.036250972611551774,-0.036250972611551774,0.0,0.0,0.0,15.819327913990056
2006-08-01,15.846133264853608,13.491172871293092,18.456225542966465,15.846133264853608,15.846133264853608,0.14215072794190506,0.14215072794190506,0.14215072794190506,0.14215072794190506,0.14215072794190506,0.14215072794190506,0.0,0.0,0.0,15.988283992795512
2006-09-01,15.836687643105607,13.515677753375401,18.324024559861048,15.836687643105607,15.836687643105607,0.1297145938342246,0.1297145938342246,0.1297145938342246,0.1297145938342246,0.1297145938342246,0.1297145938342246,0.0,0.0,0.0,15.966402236939832
2006-10-01,15.827546717638576,13.10937433305364,17.89443267988991,15.827546717638576,15.827546717638576,-0.23443007480609393,-0.23443007480609393,-0.23443007480609393,-0.23443007480609393,-0.23443007480609393,-0.23443007480609393,0.0,0.0,0.0,15.593116642832483
2006-11-01,15.818101094655976,13.243543258472242,18.21151164063866,15.818101094655976,15.818101094655976,-0.2027825393047798,-0.2027825393047798,-0.2027825393047798,-0.2027825393047798,-0.2027825393047798,-0.2027825393047798,0.0,0.0,0.0,15.615318555351196
2006-12-01,15.808960169188946,13.359853489753862,18.189039048467464,15.808960169188946,15.808960169188946,0.07945916500940395,0.07945916500940395,0.07945916500940395,0.07945916500940395,0.07945916500940395,0.07945916500940395,0.0,0.0,0.0,15.88841933419835
2007-01-01,15.79951454620635,13.223700735924515,18.131131331137976,15.79951454620635,15.79951454620635,-0.194457314352481,-0.194457314352481,-0.194457314352481,-0.194457314352481,-0.194457314352481,-0.194457314352481,0.0,0.0,0.0,15.605057231853868
2007-02-01,15.790068923223753,13.348641607818847,18.295624396093313,15.790068923223753,15.790068923223753,-0.018470264406806013,-0.018470264406806013,-0.018470264406806013,-0.018470264406806013,-0.018470264406806013,-0.018470264406806013,0.0,0.0,0.0,15.771598658816947
2007-03-01,15.781537392787857,13.28088005560094,18.112985313250565,15.781537392787857,15.781537392787857,-0.2224388621314408,-0.2224388621314408,-0.2224388621314408,-0.2224388621314408,-0.2224388621314408,-0.2224388621314408,0.0,0.0,0.0,15.559098530656417
2007-04-01,15.772091769805257,13.325546900293924,17.98957837667456,15.772091769805257,15.772091769805257,-0.06602867179845019,-0.06602867179845019,-0.06602867179845019,-0.06602867179845019,-0.06602867179845019,-0.06602867179845019,0.0,0.0,0.0,15.706063098006807
2007-05-01,15.762950844338226,13.117741810601588,17.99786362511457,15.762950844338226,15.762950844338226,-0.17414598735899672,-0.17414598735899672,-0.17414598735899672,-0.17414598735899672,-0.17414598735899672,-0.17414598735899672,0.0,0.0,0.0,15.588804856979229
2007-06-01,15.753505221355628,13.124828891144075,18.113714459604314,15.753505221355628,15.753505221355628,-0.10030868768730185,-0.10030868768730185,-0.10030868768730185,-0.10030868768730185,-0.10030868768730185,-0.10030868768730185,0.0,0.0,0.0,15.653196533668325
2007-07-01,15.744364295888598,13.39852821971539,18.25778540307232,15.744364295888598,15.744364295888598,-0.05879980594677469,-0.05879980594677469,-0.05879980594677469,-0.05879980594677469,-0.05879980594677469,-0.05879980594677469,0.0,0.0,0.0,15.685564489941823
2007-08-01,15.734918672906002,13.55961108508743,18.41035513251082,15.734918672906002,15.734918672906002,0.16638595654464372,0.16638595654464372,0.16638595654464372,0.16638595654464372,0.16638595654464372,0.16638595654464372,0.0,0.0,0.0,15.901304629450646
2007-09-01,15.725473049923401,13.559729855511534,18.43134335328933,15.725473049923401,15.725473049923401,0.14667082056692707,0.14667082056692707,0.14667082056692707,0.14667082056692707,0.14667082056692707,0.14667082056692707,0.0,0.0,0.0,15.872143870490328
2007-10-01,15.71633212445637,12.990746847788458,17.708381664571235,15.71633212445637,15.71633212445637,-0.2969108668558926,-0.2969108668558926,-0.2969108668558926,-0.2969108668558926,-0.2969108668558926,-0.2969108668558926,0.0,0.0,0.0,15.419421257600478
2007-11-01,15.706886501473774,13.139821334316846,17.807315225442355,15.706886501473774,15.706886501473774,-0.20430898397983205,-0.20430898397983205,-0.20430898397983205,-0.20430898397983205,-0.20430898397983205,-0.20430898397983205,0.0,0.0,0.0,15.502577517493942
2007-12-01,15.697745576006744,13.38539455458859,18.234022859611674,15.697745576006744,15.697745576006744,0.12257172092425135,0.12257172092425135,0.12257172092425135,0.12257172092425135,0.12257172092425135,0.12257172092425135,0.0,0.0,0.0,15.820317296930995
2008-01-01,15.688299953024144,13.216751705001998,17.89037676032684,15.688299953024144,15.688299953024144,-0.21950185845853873,-0.21950185845853873,-0.21950185845853873,-0.21950185845853873,-0.21950185845853873,-0.21950185845853873,0.0,0.0,0.0,15.468798094565605
2008-02-01,15.678854330041547,13.371926336856168,18.205268335344073,15.678854330041547,15.678854330041547,0.06450744027029753,0.06450744027029753,0.06450744027029753,0.06450744027029753,0.06450744027029753,0.06450744027029753,0.0,0.0,0.0,15.743361770311845
2008-03-01,15.670018102090085,13.296868971968285,18.242002388957342,15.670018102090085,15.670018102090085,0.122919508804979,0.122919508804979,0.122919508804979,0.122919508804979,0.122919508804979,0.122919508804979,0.0,0.0,0.0,15.792937610895063
2008-04-01,15.660572479107485,12.935699658348414,17.89032187484391,15.660572479107485,15.660572479107485,-0.2378453912369973,-0.2378453912369973,-0.2378453912369973,-0.2378453912369973,-0.2378453912369973,-0.2378453912369973,0.0,0.0,0.0,15.422727087870488
2008-05-01,15.651431553774929,13.198133316625041,18.086027608394325,15.651431553774929,15.651431553774929,-0.07158532890576566,-0.07158532890576566,-0.07158532890576566,-0.07158532890576566,-0.07158532890576566,-0.07158532890576566,0.0,0.0,0.0,15.579846224869163
2008-06-01,15.641985930931288,13.150945915937639,17.95377260294431,15.641985930931288,15.641985930931288,-0.22250630526285445,-0.22250630526285445,-0.22250630526285445,-0.22250630526285445,-0.22250630526285445,-0.22250630526285445,0.0,0.0,0.0,15.419479625668433
2008-07-01,15.632845005598732,13.215966060923439,18.050961134524737,15.632845005598732,15.632845005598732,0.008367696465387271,0.008367696465387271,0.008367696465387271,0.008367696465387271,0.008367696465387271,0.008367696465387271,0.0,0.0,0.0,15.641212702064118
2008-08-01,15.62339938275509,13.448117210297779,18.29129280772898,15.62339938275509,15.62339938275509,0.0936915326671352,0.0936915326671352,0.0936915326671352,0.0936915326671352,0.0936915326671352,0.0936915326671352,0.0,0.0,0.0,15.717090915422226
2008-09-01,15.61395375991145,13.311468331133932,18.03116088046018,15.61395375991145,15.61395375991145,0.09208379708468235,0.09208379708468235,0.09208379708468235,0.09208379708468235,0.09208379708468235,0.09208379708468235,0.0,0.0,0.0,15.706037556996131
2008-10-01,15.604812834578894,13.226928136610434,17.726569719109452,15.604812834578894,15.604812834578894,-0.10952881275931986,-0.10952881275931986,-0.10952881275931986,-0.10952881275931986,-0.10952881275931986,-0.10952881275931986,0.0,0.0,0.0,15.495284021819574
2008-11-01,15.595367211735255,13.083491608498951,17.923554299300918,15.595367211735255,15.595367211735255,-0.19530294088997993,-0.19530294088997993,-0.19530294088997993,-0.19530294088997993,-0.19530294088997993,-0.19530294088997993,0.0,0.0,0.0,15.400064270845276
2008-12-01,15.586226286402697,13.082671461302501,18.185803200280553,15.586226286402697,15.586226286402697,-0.006526195435069188,-0.006526195435069188,-0.006526195435069188,-0.006526195435069188,-0.006526195435069188,-0.006526195435069188,0.0,0.0,0.0,15.579700090967627
2009-01-01,15.576780663559058,13.0015798688738,17.874943970156835,15.576780663559058,15.576780663559058,-0.1434877618119502,-0.1434877618119502,-0.1434877618119502,-0.1434877618119502,-0.1434877618119502,-0.1434877618119502,0.0,0.0,0.0,15.433292901747107
2009-02-01,15.567335040715417,12.988611252627084,17.84340676994764,15.567335040715417,15.567335040715417,-0.18774926740946865,-0.18774926740946865,-0.18774926740946865,-0.18774926740946865,-0.18774926740946865,-0.18774926740946865,0.0,0.0,0.0,15.379585773305948
2009-03-01,15.558803510405031,13.188824480783005,17.918451507481528,15.558803510405031,15.558803510405031,0.007985404211589216,0.007985404211589216,0.007985404211589216,0.007985404211589216,0.007985404211589216,0.007985404211589216,0.0,0.0,0.0,15.56678891461662
2009-04-01,15.54935788756139,12.996547981541292,17.873153273788947,15.54935788756139,15.54935788756139,-0.18167175170603192,-0.18167175170603192,-0.18167175170603192,-0.18167175170603192,-0.18167175170603192,-0.18167175170603192,0.0,0.0,0.0,15.367686135855358
2009-05-01,15.540216962228834,12.974210637138341,17.798785459557184,15.540216962228834,15.540216962228834,-0.10597563071574598,-0.10597563071574598,-0.10597563071574598,-0.10597563071574598,-0.10597563071574598,-0.10597563071574598,0.0,0.0,0.0,15.434241331513089
2009-06-01,15.530771339385193,13.102791158814327,17.92960906267899,15.530771339385193,15.530771339385193,-0.18205076567265988,-0.18205076567265988,-0.18205076567265988,-0.18205076567265988,-0.18205076567265988,-0.18205076567265988,0.0,0.0,0.0,15.348720573712534
2009-07-01,15.521630414052638,13.165020897049494,18.09935073298491,15.521630414052638,15.521630414052638,-0.013860176181219045,-0.013860176181219045,-0.013860176181219045,-0.013860176181219045,-0.013860176181219045,-0.013860176181219045,0.0,0.0,0.0,15.50777023787142
2009-08-01,15.512184791208997,13.356703715457549,18.11569723489629,15.512184791208997,15.512184791208997,0.11790993027466522,0.11790993027466522,0.11790993027466522,0.11790993027466522,0.11790993027466522,0.11790993027466522,0.0,0.0,0.0,15.630094721483662
2009-09-01,15.502739168365357,13.137769515763177,17.9892406826283,15.502739168365357,15.502739168365357,0.11151629456799811,0.11151629456799811,0.11151629456799811,0.11151629456799811,0.11151629456799811,0.11151629456799811,0.0,0.0,0.0,15.614255462933356
2009-10-01,15.4935982430328,12.867625130692101,17.842011980665053,15.4935982430328,15.4935982430328,-0.17194505318981054,-0.17194505318981054,-0.17194505318981054,-0.17194505318981054,-0.17194505318981054,-0.17194505318981054,0.0,0.0,0.0,15.321653189842989
2009-11-01,15.48415262018916,12.5967725880132,17.532363080050374,15.48415262018916,15.48415262018916,-0.19977719469002944,-0.19977719469002944,-0.19977719469002944,-0.19977719469002944,-0.19977719469002944,-0.19977719469002944,0.0,0.0,0.0,15.284375425499132
2009-12-01,15.475011694856605,13.136626772531807,17.871302506928764,15.475011694856605,15.475011694856605,0.036411093818512714,0.036411093818512714,0.036411093818512714,0.036411093818512714,0.036411093818512714,0.036411093818512714,0.0,0.0,0.0,15.511422788675118
2010-01-01,15.476064322994572,13.006513124219982,17.599225183020557,15.476064322994572,15.476064322994572,-0.1691214628842526,-0.1691214628842526,-0.1691214628842526,-0.1691214628842526,-0.1691214628842526,-0.1691214628842526,0.0,0.0,0.0,15.30694286011032
2010-02-01,15.47711695113254,12.825486042634042,17.755304260674947,15.47711695113254,15.47711695113254,-0.1025795296732439,-0.1025795296732439,-0.1025795296732439,-0.1025795296732439,-0.1025795296732439,-0.1025795296732439,0.0,0.0,0.0,15.374537421459296
2010-03-01,15.47806771203135,13.042715060814231,18.02832726861076,15.47806771203135,15.47806771203135,-0.10716977544502335,-0.10716977544502335,-0.10716977544502335,-0.10716977544502335,-0.10716977544502335,-0.10716977544502335,0.0,0.0,0.0,15.370897936586328
2010-04-01,15.479120340169318,13.116428818627819,17.735863447325496,15.479120340169318,15.479120340169318,-0.12439135427449605,-0.12439135427449605,-0.12439135427449605,-0.12439135427449605,-0.12439135427449605,-0.12439135427449605,0.0,0.0,0.0,15.354728985894823
2010-05-01,15.480139012560903,13.001455418449003,17.704474958406358,15.480139012560903,15.480139012560903,-0.14016759123409941,-0.14016759123409941,-0.14016759123409941,-0.14016759123409941,-0.14016759123409941,-0.14016759123409941,0.0,0.0,0.0,15.339971421326803
2010-06-01,15.48119164069887,12.967064113263715,17.812895660773382,15.48119164069887,15.48119164069887,-0.14130615165172272,-0.14130615165172272,-0.14130615165172272,-0.14130615165172272,-0.14130615165172272,-0.14130615165172272,0.0,0.0,0.0,15.339885489047148
2010-07-01,15.482210313090452,13.092373769263945,17.756559703397336,15.482210313090452,15.482210313090452,-0.03625097261171339,-0.03625097261171339,-0.03625097261171339,-0.03625097261171339,-0.03625097261171339,-0.03625097261171339,0.0,0.0,0.0,15.445959340478739
2010-08-01,15.48326294122842,13.027919561432897,17.709290832050993,15.48326294122842,15.48326294122842,0.14215072794230194,0.14215072794230194,0.14215072794230194,0.14215072794230194,0.14215072794230194,0.14215072794230194,0.0,0.0,0.0,15.62541366917072
2010-09-01,15.48431556936639,13.072655976304986,18.181832131891007,15.48431556936639,15.48431556936639,0.12971459383440107,0.12971459383440107,0.12971459383440107,0.12971459383440107,0.12971459383440107,0.12971459383440107,0.0,0.0,0.0,15.61403016320079
2010-10-01,15.48533424175797,12.824028798154554,17.56713767406806,15.48533424175797,15.48533424175797,-0.23443007480620134,-0.23443007480620134,-0.23443007480620134,-0.23443007480620134,-0.23443007480620134,-0.23443007480620134,0.0,0.0,0.0,15.250904166951768
2010-11-01,15.486386869895938,12.848642695962488,17.617138876682333,15.486386869895938,15.486386869895938,-0.20278253930478699,-0.20278253930478699,-0.20278253930478699,-0.20278253930478699,-0.20278253930478699,-0.20278253930478699,0.0,0.0,0.0,15.283604330591151
2010-12-01,15.487405542287522,13.190324335946809,18.085278589033468,15.487405542287522,15.487405542287522,0.079459165009247,0.079459165009247,0.079459165009247,0.079459165009247,0.079459165009247,0.079459165009247,0.0,0.0,0.0,15.56686470729677
2011-01-01,15.48845817042549,12.809930842610308,17.733286980037892,15.48845817042549,15.48845817042549,-0.19445731435298697,-0.19445731435298697,-0.19445731435298697,-0.19445731435298697,-0.19445731435298697,-0.19445731435298697,0.0,0.0,0.0,15.294000856072504
2011-02-01,15.489510798563458,13.046971012388891,17.804377128323317,15.489510798563458,15.489510798563458,-0.01847026440657049,-0.01847026440657049,-0.01847026440657049,-0.01847026440657049,-0.01847026440657049,-0.01847026440657049,0.0,0.0,0.0,15.471040534156888
2011-03-01,15.490461559462268,12.873660740156383,17.558047435087364,15.490461559462268,15.490461559462268,-0.222438862130669,-0.222438862130669,-0.222438862130669,-0.222438862130669,-0.222438862130669,-0.222438862130669,0.0,0.0,0.0,15.268022697331599
2011-04-01,15.491514187600236,12.956466826016015,17.765066384183992,15.491514187600236,15.491514187600236,-0.06602867179840037,-0.06602867179840037,-0.06602867179840037,-0.06602867179840037,-0.06602867179840037,-0.06602867179840037,0.0,0.0,0.0,15.425485515801835
2011-05-01,15.492532859991817,12.940092481820905,17.760175618324535,15.492532859991817,15.492532859991817,-0.17414598735912842,-0.17414598735912842,-0.17414598735912842,-0.17414598735912842,-0.17414598735912842,-0.17414598735912842,0.0,0.0,0.0,15.318386872632688
2011-06-01,15.493585488129787,13.076419648997545,17.808013682797714,15.493585488129787,15.493585488129787,-0.10030868768783432,-0.10030868768783432,-0.10030868768783432,-0.10030868768783432,-0.10030868768783432,-0.10030868768783432,0.0,0.0,0.0,15.393276800441953
2011-07-01,15.49460416052137,13.061853953977336,17.915889030576235,15.49460416052137,15.49460416052137,-0.0587998059470598,-0.0587998059470598,-0.0587998059470598,-0.0587998059470598,-0.0587998059470598,-0.0587998059470598,0.0,0.0,0.0,15.435804354574309
2011-08-01,15.500978311481315,13.550891524514268,18.090902943749658,15.500978311481315,15.500978311481315,0.16638595654450805,0.16638595654450805,0.16638595654450805,0.16638595654450805,0.16638595654450805,0.16638595654450805,0.0,0.0,0.0,15.667364268025823
2011-09-01,15.507352462441258,13.241923609869714,17.91906267964452,15.507352462441258,15.507352462441258,0.1466708205668937,0.1466708205668937,0.1466708205668937,0.1466708205668937,0.1466708205668937,0.1466708205668937,0.0,0.0,0.0,15.65402328300815
2011-10-01,15.513520995628303,12.735689129072384,17.648787722777385,15.513520995628303,15.513520995628303,-0.29691086685554136,-0.29691086685554136,-0.29691086685554136,-0.29691086685554136,-0.29691086685554136,-0.29691086685554136,0.0,0.0,0.0,15.216610128772762
2011-11-01,15.519895146588249,12.877513013904567,17.567656009119478,15.519895146588249,15.519895146588249,-0.20430898397943553,-0.20430898397943553,-0.20430898397943553,-0.20430898397943553,-0.20430898397943553,-0.20430898397943553,0.0,0.0,0.0,15.315586162608813
2011-12-01,15.526063679775293,13.255443383416587,18.093226121551343,15.526063679775293,15.526063679775293,0.12257172092432511,0.12257172092432511,0.12257172092432511,0.12257172092432511,0.12257172092432511,0.12257172092432511,0.0,0.0,0.0,15.648635400699618
2012-01-01,15.532437830735239,12.90500309498148,17.605890502542106,15.532437830735239,15.532437830735239,-0.21950185845871636,-0.21950185845871636,-0.21950185845871636,-0.21950185845871636,-0.21950185845871636,-0.21950185845871636,0.0,0.0,0.0,15.312935972276522
2012-02-01,15.538811981695183,13.173888026010541,18.108388629011323,15.538811981695183,15.538811981695183,0.06450744027102637,0.06450744027102637,0.06450744027102637,0.06450744027102637,0.06450744027102637,0.06450744027102637,0.0,0.0,0.0,15.603319421966209
2012-03-01,15.544774897109328,13.31438872249827,18.294263971588155,15.544774897109328,15.544774897109328,0.12291950880563757,0.12291950880563757,0.12291950880563757,0.12291950880563757,0.12291950880563757,0.12291950880563757,0.0,0.0,0.0,15.667694405914965
2012-04-01,15.551149048069274,12.96609738970045,17.701687183318104,15.551149048069274,15.551149048069274,-0.2378453912373082,-0.2378453912373082,-0.2378453912373082,-0.2378453912373082,-0.2378453912373082,-0.2378453912373082,0.0,0.0,0.0,15.313303656831966
2012-05-01,15.557317581256315,13.10867045005443,17.958385100063254,15.557317581256315,15.557317581256315,-0.0715853289056303,-0.0715853289056303,-0.0715853289056303,-0.0715853289056303,-0.0715853289056303,-0.0715853289056303,0.0,0.0,0.0,15.485732252350685
2012-06-01,15.563691732216261,12.982761106478257,17.900037123455906,15.563691732216261,15.563691732216261,-0.22250630526329224,-0.22250630526329224,-0.22250630526329224,-0.22250630526329224,-0.22250630526329224,-0.22250630526329224,0.0,0.0,0.0,15.341185426952968
2012-07-01,15.569860265403307,12.964676159581032,18.07601600507975,15.569860265403307,15.569860265403307,0.008367696465729978,0.008367696465729978,0.008367696465729978,0.008367696465729978,0.008367696465729978,0.008367696465729978,0.0,0.0,0.0,15.578227961869036
2012-08-01,15.576234416363253,13.249124473187786,17.94118562272621,15.576234416363253,15.576234416363253,0.09369153266737565,0.09369153266737565,0.09369153266737565,0.09369153266737565,0.09369153266737565,0.09369153266737565,0.0,0.0,0.0,15.669925949030628
2012-09-01,15.582608567323199,13.210061042794264,18.162979725013514,15.582608567323199,15.582608567323199,0.09208379708490433,0.09208379708490433,0.09208379708490433,0.09208379708490433,0.09208379708490433,0.09208379708490433,0.0,0.0,0.0,15.674692364408102
2012-10-01,15.588777100510242,13.138173342438678,18.085272942216204,15.588777100510242,15.588777100510242,-0.10952881275963913,-0.10952881275963913,-0.10952881275963913,-0.10952881275963913,-0.10952881275963913,-0.10952881275963913,0.0,0.0,0.0,15.479248287750604
2012-11-01,15.595151251470188,13.091376093995951,17.938837776982187,15.595151251470188,15.595151251470188,-0.195302940890123,-0.195302940890123,-0.195302940890123,-0.195302940890123,-0.195302940890123,-0.195302940890123,0.0,0.0,0.0,15.399848310580065
2012-12-01,15.601319784657234,13.30985413517186,18.11829470136857,15.601319784657234,15.601319784657234,-0.006526195434846596,-0.006526195434846596,-0.006526195434846596,-0.006526195434846596,-0.006526195434846596,-0.006526195434846596,0.0,0.0,0.0,15.594793589222387
2013-01-01,15.607693935617176,13.11114739972607,17.823672054537976,15.607693935617176,15.607693935617176,-0.14348776181182202,-0.14348776181182202,-0.14348776181182202,-0.14348776181182202,-0.14348776181182202,-0.14348776181182202,0.0,0.0,0.0,15.464206173805353
2013-02-01,15.614068086577122,13.147611391153266,17.836314591374833,15.614068086577122,15.614068086577122,-0.18774926740894204,-0.18774926740894204,-0.18774926740894204,-0.18774926740894204,-0.18774926740894204,-0.18774926740894204,0.0,0.0,0.0,15.42631881916818
2013-03-01,15.619825383685846,13.429741632153153,17.983391582562817,15.619825383685846,15.619825383685846,0.0079854042127459,0.0079854042127459,0.0079854042127459,0.0079854042127459,0.0079854042127459,0.0079854042127459,0.0,0.0,0.0,15.627810787898593
2013-04-01,15.626199534056223,12.86024259238966,17.853082047257196,15.626199534056223,15.626199534056223,-0.18167175170654568,-0.18167175170654568,-0.18167175170654568,-0.18167175170654568,-0.18167175170654568,-0.18167175170654568,0.0,0.0,0.0,15.444527782349677
2013-05-01,15.632368066672711,13.079353527252298,17.87187760883458,15.632368066672711,15.632368066672711,-0.10597563071562072,-0.10597563071562072,-0.10597563071562072,-0.10597563071562072,-0.10597563071562072,-0.10597563071562072,0.0,0.0,0.0,15.52639243595709
2013-06-01,15.638742217043086,13.092911929374953,17.69930091928107,15.638742217043086,15.638742217043086,-0.18205076567272976,-0.18205076567272976,-0.18205076567272976,-0.18205076567272976,-0.18205076567272976,-0.18205076567272976,0.0,0.0,0.0,15.456691451370357
2013-07-01,15.644910749659577,13.377847020342777,18.216627113721863,15.644910749659577,15.644910749659577,-0.013860176180594538,-0.013860176180594538,-0.013860176180594538,-0.013860176180594538,-0.013860176180594538,-0.013860176180594538,0.0,0.0,0.0,15.631050573478982
2013-08-01,15.651284900029951,13.364645827345791,18.15701389837046,15.651284900029951,15.651284900029951,0.11790993027479009,0.11790993027479009,0.11790993027479009,0.11790993027479009,0.11790993027479009,0.11790993027479009,0.0,0.0,0.0,15.769194830304741
2013-09-01,15.657659050400325,13.350650406648525,18.364084870983678,15.657659050400325,15.657659050400325,0.11151629456765669,0.11151629456765669,0.11151629456765669,0.11151629456765669,0.11151629456765669,0.11151629456765669,0.0,0.0,0.0,15.769175344967982
2013-10-01,15.663827583016817,12.944299408533425,17.96002921795498,15.663827583016817,15.663827583016817,-0.17194505318889824,-0.17194505318889824,-0.17194505318889824,-0.17194505318889824,-0.17194505318889824,-0.17194505318889824,0.0,0.0,0.0,15.491882529827919
2013-11-01,15.67020173338719,13.153882388813061,17.91678504051105,15.67020173338719,15.67020173338719,-0.19977719468958907,-0.19977719468958907,-0.19977719468958907,-0.19977719468958907,-0.19977719468958907,-0.19977719468958907,0.0,0.0,0.0,15.4704245386976
2013-12-01,15.676370266003682,13.44359613723748,17.945410261824556,15.676370266003682,15.676370266003682,0.03641109381856911,0.03641109381856911,0.03641109381856911,0.03641109381856911,0.03641109381856911,0.03641109381856911,0.0,0.0,0.0,15.712781359822252
2014-01-01,15.682744416374055,13.353188936704594,17.844504029881158,15.682744416374055,15.682744416374055,-0.16912146288413196,-0.16912146288413196,-0.16912146288413196,-0.16912146288413196,-0.16912146288413196,-0.16912146288413196,0.0,0.0,0.0,15.513622953489923
2014-02-01,15.689118566744428,13.134172714739417,17.772311021622414,15.689118566744428,15.689118566744428,-0.10257952967309224,-0.10257952967309224,-0.10257952967309224,-0.10257952967309224,-0.10257952967309224,-0.10257952967309224,0.0,0.0,0.0,15.586539037071336
2014-03-01,15.69487586385315,13.246537316391464,18.04860244740375,15.69487586385315,15.69487586385315,-0.10716977544567056,-0.10716977544567056,-0.10716977544567056,-0.10716977544567056,-0.10716977544567056,-0.10716977544567056,0.0,0.0,0.0,15.58770608840748
2014-04-01,15.701250014223524,13.00239193197607,18.071368957885387,15.701250014223524,15.701250014223524,-0.1243913542748849,-0.1243913542748849,-0.1243913542748849,-0.1243913542748849,-0.1243913542748849,-0.1243913542748849,0.0,0.0,0.0,15.57685865994864
2014-05-01,15.707418546840016,13.253249430288882,17.942037869598757,15.707418546840016,15.707418546840016,-0.14016759123412517,-0.14016759123412517,-0.14016759123412517,-0.14016759123412517,-0.14016759123412517,-0.14016759123412517,0.0,0.0,0.0,15.567250955605891
2014-06-01,15.713792697210389,13.236823693652894,17.83971788098589,15.713792697210389,15.713792697210389,-0.1413061516518297,-0.1413061516518297,-0.1413061516518297,-0.1413061516518297,-0.1413061516518297,-0.1413061516518297,0.0,0.0,0.0,15.57248654555856
2014-07-01,15.71996122982688,13.183629618756344,18.17644206579523,15.71996122982688,15.71996122982688,-0.036250972611863476,-0.036250972611863476,-0.036250972611863476,-0.036250972611863476,-0.036250972611863476,-0.036250972611863476,0.0,0.0,0.0,15.683710257215017
2014-08-01,15.726335380197254,13.507879019511142,18.203987314758216,15.726335380197254,15.726335380197254,0.14215072794173317,0.14215072794173317,0.14215072794173317,0.14215072794173317,0.14215072794173317,0.14215072794173317,0.0,0.0,0.0,15.868486108138987
2014-09-01,15.732709530567629,13.505308221238007,18.382298151086438,15.732709530567629,15.732709530567629,0.12971459383420983,0.12971459383420983,0.12971459383420983,0.12971459383420983,0.12971459383420983,0.12971459383420983,0.0,0.0,0.0,15.862424124401839
2014-10-01,15.738878063184119,13.083405972920746,18.003659041171847,15.738878063184119,15.738878063184119,-0.23443007480612896,-0.23443007480612896,-0.23443007480612896,-0.23443007480612896,-0.23443007480612896,-0.23443007480612896,0.0,0.0,0.0,15.50444798837799
2014-11-01,15.745252206554827,12.983184206999898,17.93704920598511,15.745252206554827,15.745252206554827,-0.20278253930483633,-0.20278253930483633,-0.20278253930483633,-0.20278253930483633,-0.20278253930483633,-0.20278253930483633,0.0,0.0,0.0,15.542469667249991
2014-12-01,15.751420732397447,13.311003092715332,18.219149938001756,15.751420732397447,15.751420732397447,0.07945916500922504,0.07945916500922504,0.07945916500922504,0.07945916500922504,0.07945916500922504,0.07945916500922504,0.0,0.0,0.0,15.830879897406673
2015-01-01,15.757794875768155,13.157495452584227,17.928835265132275,15.757794875768155,15.757794875768155,-0.19445731435253877,-0.19445731435253877,-0.19445731435253877,-0.19445731435253877,-0.19445731435253877,-0.19445731435253877,0.0,0.0,0.0,15.563337561415617
2015-02-01,15.764169019138862,13.387580712138272,18.11904083177956,15.764169019138862,15.764169019138862,-0.01847026440676301,-0.01847026440676301,-0.01847026440676301,-0.01847026440676301,-0.01847026440676301,-0.01847026440676301,0.0,0.0,0.0,15.745698754732098
2015-03-01,15.769926309925308,13.110404227169655,17.78594923739007,15.769926309925308,15.769926309925308,-0.2224388621317078,-0.2224388621317078,-0.2224388621317078,-0.2224388621317078,-0.2224388621317078,-0.2224388621317078,0.0,0.0,0.0,15.5474874477936
2015-04-01,15.776300453296015,13.266788142967478,18.17190198592991,15.776300453296015,15.776300453296015,-0.06602867179829111,-0.06602867179829111,-0.06602867179829111,-0.06602867179829111,-0.06602867179829111,-0.06602867179829111,0.0,0.0,0.0,15.710271781497724
2015-05-01,15.782468979138635,13.239263725875439,18.04851682745744,15.782468979138635,15.782468979138635,-0.1741459873589201,-0.1741459873589201,-0.1741459873589201,-0.1741459873589201,-0.1741459873589201,-0.1741459873589201,0.0,0.0,0.0,15.608322991779715
2015-06-01,15.788843122509341,13.448843242937278,18.04925528962919,15.788843122509341,15.788843122509341,-0.10030868768754934,-0.10030868768754934,-0.10030868768754934,-0.10030868768754934,-0.10030868768754934,-0.10030868768754934,0.0,0.0,0.0,15.688534434821792
2015-07-01,15.795011648351961,13.45715400120509,18.25548858279342,15.795011648351961,15.795011648351961,-0.058799805946911365,-0.058799805946911365,-0.058799805946911365,-0.058799805946911365,-0.058799805946911365,-0.058799805946911365,0.0,0.0,0.0,15.73621184240505
2015-08-01,15.80138579172267,13.518222669629713,18.39965934847791,15.80138579172267,15.80138579172267,0.16638595654419938,0.16638595654419938,0.16638595654419938,0.16638595654419938,0.16638595654419938,0.16638595654419938,0.0,0.0,0.0,15.967771748266868
2015-09-01,15.807759935093376,13.61578213677119,18.487397895464753,15.807759935093376,15.807759935093376,0.14667082056668387,0.14667082056668387,0.14667082056668387,0.14667082056668387,0.14667082056668387,0.14667082056668387,0.0,0.0,0.0,15.95443075566006
2015-10-01,15.813928460936,12.949999083842902,17.986859568988248,15.813928460936,15.813928460936,-0.2969108668558382,-0.2969108668558382,-0.2969108668558382,-0.2969108668558382,-0.2969108668558382,-0.2969108668558382,0.0,0.0,0.0,15.517017594080162
2015-11-01,15.820302604306704,13.189965325677484,18.147697806219934,15.820302604306704,15.820302604306704,-0.20430898397973205,-0.20430898397973205,-0.20430898397973205,-0.20430898397973205,-0.20430898397973205,-0.20430898397973205,0.0,0.0,0.0,15.615993620326972
2015-12-01,15.826471130149324,13.54600840430302,18.31851445244507,15.826471130149324,15.826471130149324,0.12257172092447831,0.12257172092447831,0.12257172092447831,0.12257172092447831,0.12257172092447831,0.12257172092447831,0.0,0.0,0.0,15.949042851073802
2016-01-01,15.83284527352003,13.097889699802893,17.76551218885189,15.83284527352003,15.83284527352003,-0.2195018584588862,-0.2195018584588862,-0.2195018584588862,-0.2195018584588862,-0.2195018584588862,-0.2195018584588862,0.0,0.0,0.0,15.613343415061145
2016-02-01,15.83921941689074,13.327007667200348,18.323649956064987,15.83921941689074,15.83921941689074,0.06450744027050972,0.06450744027050972,0.06450744027050972,0.06450744027050972,0.06450744027050972,0.06450744027050972,0.0,0.0,0.0,15.903726857161251
2016-03-01,15.84518232520527,13.670797429147825,18.377958818668464,15.84518232520527,15.84518232520527,0.12291950880515787,0.12291950880515787,0.12291950880515787,0.12291950880515787,0.12291950880515787,0.12291950880515787,0.0,0.0,0.0,15.968101834010428
2016-04-01,15.851556468575978,13.07874127519457,17.83839718082659,15.851556468575978,15.851556468575978,-0.23784539123660828,-0.23784539123660828,-0.23784539123660828,-0.23784539123660828,-0.23784539123660828,-0.23784539123660828,0.0,0.0,0.0,15.61371107733937
2016-05-01,15.857724994418598,13.28135300326669,18.067779753539405,15.857724994418598,15.857724994418598,-0.0715853289054105,-0.0715853289054105,-0.0715853289054105,-0.0715853289054105,-0.0715853289054105,-0.0715853289054105,0.0,0.0,0.0,15.786139665513188
2016-06-01,15.864005294425693,13.324715806561255,18.044028171353673,15.864005294425693,15.864005294425693,-0.22250630526320556,-0.22250630526320556,-0.22250630526320556,-0.22250630526320556,-0.22250630526320556,-0.22250630526320556,0.0,0.0,0.0,15.641498989162487
2016-07-01,15.870083004109977,13.487635999801933,18.373437416634577,15.870083004109977,15.870083004109977,0.008367696465276003,0.008367696465276003,0.008367696465276003,0.008367696465276003,0.008367696465276003,0.008367696465276003,0.0,0.0,0.0,15.878450700575254
2016-08-01,15.876363304117072,13.514871480570214,18.467052743256293,15.876363304117072,15.876363304117072,0.09369153266768694,0.09369153266768694,0.09369153266768694,0.09369153266768694,0.09369153266768694,0.09369153266768694,0.0,0.0,0.0,15.97005483678476
2016-09-01,15.882643604124166,13.493292816491927,18.300982140827166,15.882643604124166,15.882643604124166,0.092083797085054,0.092083797085054,0.092083797085054,0.092083797085054,0.092083797085054,0.092083797085054,0.0,0.0,0.0,15.97472740120922
2016-10-01,15.888721313808452,13.388679423925014,18.123497864410606,15.888721313808452,15.888721313808452,-0.10952881275911636,-0.10952881275911636,-0.10952881275911636,-0.10952881275911636,-0.10952881275911636,-0.10952881275911636,0.0,0.0,0.0,15.779192501049335
2016-11-01,15.895001613815545,13.320276758075256,17.997316096985355,15.895001613815545,15.895001613815545,-0.1953029408895987,-0.1953029408895987,-0.1953029408895987,-0.1953029408895987,-0.1953029408895987,-0.1953029408895987,0.0,0.0,0.0,15.699698672925946
2016-12-01,15.90107932349983,13.579379225747706,18.227720829414007,15.90107932349983,15.90107932349983,-0.006526195435100332,-0.006526195435100332,-0.006526195435100332,-0.006526195435100332,-0.006526195435100332,-0.006526195435100332,0.0,0.0,0.0,15.89455312806473
2017-01-01,15.907359623506924,13.339154415052223,18.265492448415895,15.907359623506924,15.907359623506924,-0.14348776181197842,-0.14348776181197842,-0.14348776181197842,-0.14348776181197842,-0.14348776181197842,-0.14348776181197842,0.0,0.0,0.0,15.763871861694945
2017-02-01,15.913639923514019,13.379583978813068,18.277486507194375,15.913639923514019,15.913639923514019,-0.18774926740951303,-0.18774926740951303,-0.18774926740951303,-0.18774926740951303,-0.18774926740951303,-0.18774926740951303,0.0,0.0,0.0,15.725890656104506
2017-03-01,15.919312452552685,13.580445775878074,18.545685952307043,15.919312452552685,15.919312452552685,0.007985404212320022,0.007985404212320022,0.007985404212320022,0.007985404212320022,0.007985404212320022,0.007985404212320022,0.0,0.0,0.0,15.927297856765005
2017-04-01,15.92559275255978,13.217666763438851,18.197793914946853,15.92559275255978,15.92559275255978,-0.18167175170615213,-0.18167175170615213,-0.18167175170615213,-0.18167175170615213,-0.18167175170615213,-0.18167175170615213,0.0,0.0,0.0,15.743921000853629
2017-05-01,15.931670462244064,13.285584417994855,18.243532369421317,15.931670462244064,15.931670462244064,-0.10597563071555499,-0.10597563071555499,-0.10597563071555499,-0.10597563071555499,-0.10597563071555499,-0.10597563071555499,0.0,0.0,0.0,15.825694831528509
2017-06-01,15.937950762251159,13.272278126898666,18.111192620993613,15.937950762251159,15.937950762251159,-0.182050765672636,-0.182050765672636,-0.182050765672636,-0.182050765672636,-0.182050765672636,-0.182050765672636,0.0,0.0,0.0,15.755899996578522
2017-07-01,15.944028471935443,13.410092985138023,18.419443415873825,15.944028471935443,15.944028471935443,-0.013860176180725204,-0.013860176180725204,-0.013860176180725204,-0.013860176180725204,-0.013860176180725204,-0.013860176180725204,0.0,0.0,0.0,15.930168295754719
2017-08-01,15.950308771942538,13.478196635567011,18.501166105446885,15.950308771942538,15.950308771942538,0.11790993027456415,0.11790993027456415,0.11790993027456415,0.11790993027456415,0.11790993027456415,0.11790993027456415,0.0,0.0,0.0,16.068218702217102
2017-09-01,15.956589071949631,13.790351099524521,18.545767378249774,15.956589071949631,15.956589071949631,0.11151629456764131,0.11151629456764131,0.11151629456764131,0.11151629456764131,0.11151629456764131,0.11151629456764131,0.0,0.0,0.0,16.068105366517273
2017-10-01,15.962666781633917,13.35897417852946,18.30329583727095,15.962666781633917,15.962666781633917,-0.1719450531897149,-0.1719450531897149,-0.1719450531897149,-0.1719450531897149,-0.1719450531897149,-0.1719450531897149,0.0,0.0,0.0,15.790721728444202
2017-11-01,15.96894708164101,13.313982035178954,18.134649583434463,15.96894708164101,15.96894708164101,-0.19977719468972321,-0.19977719468972321,-0.19977719468972321,-0.19977719468972321,-0.19977719468972321,-0.19977719468972321,0.0,0.0,0.0,15.769169886951287
2017-12-01,15.975024791325296,13.56943886422664,18.532744387161824,15.975024791325296,15.975024791325296,0.036411093818701945,0.036411093818701945,0.036411093818701945,0.036411093818701945,0.036411093818701945,0.036411093818701945,0.0,0.0,0.0,16.011435885144
2018-01-01,15.98130509133239,13.51924209099879,18.321089325960568,15.98130509133239,15.98130509133239,-0.16912146288405658,-0.16912146288405658,-0.16912146288405658,-0.16912146288405658,-0.16912146288405658,-0.16912146288405658,0.0,0.0,0.0,15.812183628448333
2018-02-01,15.987585391339485,13.335547306299507,18.086870443190456,15.987585391339485,15.987585391339485,-0.10257952967334827,-0.10257952967334827,-0.10257952967334827,-0.10257952967334827,-0.10257952967334827,-0.10257952967334827,0.0,0.0,0.0,15.885005861666137
2018-03-01,15.99325792037815,13.404095588841933,18.324712760047547,15.99325792037815,15.99325792037815,-0.10716977544576545,-0.10716977544576545,-0.10716977544576545,-0.10716977544576545,-0.10716977544576545,-0.10716977544576545,0.0,0.0,0.0,15.886088144932385
2018-04-01,15.999538220385245,13.588183384404735,18.299111752653797,15.999538220385245,15.999538220385245,-0.1243913542745871,-0.1243913542745871,-0.1243913542745871,-0.1243913542745871,-0.1243913542745871,-0.1243913542745871,0.0,0.0,0.0,15.875146866110658
2018-05-01,16.005615930069528,13.533308159739565,18.32334688006386,16.005615930069528,16.005615930069528,-0.1401675912343412,-0.1401675912343412,-0.1401675912343412,-0.1401675912343412,-0.1401675912343412,-0.1401675912343412,0.0,0.0,0.0,15.865448338835186
2018-06-01,16.011896230076623,13.480522985794453,18.160890221092725,16.011896230076623,16.011896230076623,-0.1413061516516449,-0.1413061516516449,-0.1413061516516449,-0.1413061516516449,-0.1413061516516449,-0.1413061516516449,0.0,0.0,0.0,15.870590078424978
2018-07-01,16.01797393976091,13.484112046965473,18.364370319044777,16.01797393976091,16.01797393976091,-0.0362509726119678,-0.0362509726119678,-0.0362509726119678,-0.0362509726119678,-0.0362509726119678,-0.0362509726119678,0.0,0.0,0.0,15.981722967148942
2018-08-01,16.024254239768002,13.813629664476123,18.489911975391845,16.024254239768002,16.024254239768002,0.14215072794191813,0.14215072794191813,0.14215072794191813,0.14215072794191813,0.14215072794191813,0.14215072794191813,0.0,0.0,0.0,16.16640496770992
2018-09-01,16.030534539775097,13.595783930590619,18.544595146134785,16.030534539775097,16.030534539775097,0.12971459383451545,0.12971459383451545,0.12971459383451545,0.12971459383451545,0.12971459383451545,0.12971459383451545,0.0,0.0,0.0,16.16024913360961
2018-10-01,16.03661224945938,13.28766705502001,18.11574230126979,16.03661224945938,16.03661224945938,-0.23443007480635308,-0.23443007480635308,-0.23443007480635308,-0.23443007480635308,-0.23443007480635308,-0.23443007480635308,0.0,0.0,0.0,15.802182174653028
2018-11-01,16.042892549466472,13.426000770173445,18.044448682704694,16.042892549466472,16.042892549466472,-0.20278253930497653,-0.20278253930497653,-0.20278253930497653,-0.20278253930497653,-0.20278253930497653,-0.20278253930497653,0.0,0.0,0.0,15.840110010161496
2018-12-01,16.04897025915076,13.51481566619902,18.59301938573457,16.04897025915076,16.04897025915076,0.0794591650092757,0.0794591650092757,0.0794591650092757,0.0794591650092757,0.0794591650092757,0.0794591650092757,0.0,0.0,0.0,16.128429424160036
2019-01-01,16.055250559157855,13.284775721666318,18.191444869498106,16.055250559157855,16.055250559157855,-0.19445731435233235,-0.19445731435233235,-0.19445731435233235,-0.19445731435233235,-0.19445731435233235,-0.19445731435233235,0.0,0.0,0.0,15.860793244805523
2019-02-01,16.06153085916495,13.558663038105951,18.405780688280156,16.06153085916495,16.06153085916495,-0.018470264406609205,-0.018470264406609205,-0.018470264406609205,-0.018470264406609205,-0.018470264406609205,-0.018470264406609205,0.0,0.0,0.0,16.04306059475834
2019-03-01,16.067203388203612,13.368798420112919,18.36609165318472,16.067203388203612,16.067203388203612,-0.22243886213066796,-0.22243886213066796,-0.22243886213066796,-0.22243886213066796,-0.22243886213066796,-0.22243886213066796,0.0,0.0,0.0,15.844764526072945
2019-04-01,16.073483688210707,13.496891987224354,18.39058709775006,16.073483688210707,16.073483688210707,-0.06602867179818597,-0.06602867179818597,-0.06602867179818597,-0.06602867179818597,-0.06602867179818597,-0.06602867179818597,0.0,0.0,0.0,16.00745501641252
2019-05-01,16.079561397894995,13.412974778660706,18.374116260011824,16.079561397894995,16.079561397894995,-0.17414598735922626,-0.17414598735922626,-0.17414598735922626,-0.17414598735922626,-0.17414598735922626,-0.17414598735922626,0.0,0.0,0.0,15.905415410535769
2019-06-01,16.08584169790209,13.637840663685452,18.17581181385192,16.08584169790209,16.08584169790209,-0.10030868768735887,-0.10030868768735887,-0.10030868768735887,-0.10030868768735887,-0.10030868768735887,-0.10030868768735887,0.0,0.0,0.0,15.98553301021473
2019-07-01,16.09191940758637,13.621659019514144,18.41009089616794,16.09191940758637,16.09191940758637,-0.05879980594639671,-0.05879980594639671,-0.05879980594639671,-0.05879980594639671,-0.05879980594639671,-0.05879980594639671,0.0,0.0,0.0,16.033119601639974
2019-08-01,16.098199707593466,13.89983317932663,18.69676336028378,16.098199707593466,16.098199707593466,0.16638595654465355,0.16638595654465355,0.16638595654465355,0.16638595654465355,0.16638595654465355,0.16638595654465355,0.0,0.0,0.0,16.26458566413812
2019-09-01,16.10448000760056,13.801353469837402,18.86361449243959,16.10448000760056,16.10448000760056,0.14667082056669223,0.14667082056669223,0.14667082056669223,0.14667082056669223,0.14667082056669223,0.14667082056669223,0.0,0.0,0.0,16.251150828167255
2019-10-01,16.110557717284845,13.446330046438531,18.095799630372184,16.110557717284845,16.110557717284845,-0.29691086685583007,-0.29691086685583007,-0.29691086685583007,-0.29691086685583007,-0.29691086685583007,-0.29691086685583007,0.0,0.0,0.0,15.813646850429015
2019-11-01,16.11683801729194,13.729999661608847,18.235969426226056,16.11683801729194,16.11683801729194,-0.20430898397983727,-0.20430898397983727,-0.20430898397983727,-0.20430898397983727,-0.20430898397983727,-0.20430898397983727,0.0,0.0,0.0,15.912529033312103
2019-12-01,16.122915726976224,13.96885492749931,18.647126547263454,16.122915726976224,16.122915726976224,0.12257172092458282,0.12257172092458282,0.12257172092458282,0.12257172092458282,0.12257172092458282,0.12257172092458282,0.0,0.0,0.0,16.245487447900807
2020-01-01,16.12919602698332,13.449613612108529,18.235993819938507,16.12919602698332,16.12919602698332,-0.21950185845884526,-0.21950185845884526,-0.21950185845884526,-0.21950185845884526,-0.21950185845884526,-0.21950185845884526,0.0,0.0,0.0,15.909694168524474
2020-02-01,16.13547632699041,13.89931082108639,18.69858091824566,16.13547632699041,16.13547632699041,0.06450744027072214,0.06450744027072214,0.06450744027072214,0.06450744027072214,0.06450744027072214,0.06450744027072214,0.0,0.0,0.0,16.199983767261134
2020-03-01,16.141351446351887,13.900483930028697,18.743035417764155,16.141351446351887,16.141351446351887,0.12291950880424465,0.12291950880424465,0.12291950880424465,0.12291950880424465,0.12291950880424465,0.12291950880424465,0.0,0.0,0.0,16.26427095515613
2020-04-01,16.147631746358982,13.652065553660666,18.271915859784144,16.147631746358982,16.147631746358982,-0.23784539123686446,-0.23784539123686446,-0.23784539123686446,-0.23784539123686446,-0.23784539123686446,-0.23784539123686446,0.0,0.0,0.0,15.909786355122117
2020-05-01,16.153709456043266,13.688090533978656,18.61390220135851,16.153709456043266,16.153709456043266,-0.07158532890564422,-0.07158532890564422,-0.07158532890564422,-0.07158532890564422,-0.07158532890564422,-0.07158532890564422,0.0,0.0,0.0,16.08212412713762
2020-06-01,16.15998975605036,13.580288653763699,18.475981775726318,16.15998975605036,16.15998975605036,-0.22250630526278736,-0.22250630526278736,-0.22250630526278736,-0.22250630526278736,-0.22250630526278736,-0.22250630526278736,0.0,0.0,0.0,15.937483450787575
2020-07-01,16.166067465734645,13.829351868063798,18.702050062737666,16.166067465734645,16.166067465734645,0.008367696465161091,0.008367696465161091,0.008367696465161091,0.008367696465161091,0.008367696465161091,0.008367696465161091,0.0,0.0,0.0,16.174435162199806
2020-08-01,16.17234776574174,13.85119299076204,18.735342461612543,16.17234776574174,16.17234776574174,0.0936915326672518,0.0936915326672518,0.0936915326672518,0.0936915326672518,0.0936915326672518,0.0936915326672518,0.0,0.0,0.0,16.26603929840899
2020-09-01,16.178628065748835,13.74343952305757,18.50756094051949,16.178628065748835,16.178628065748835,0.09208379708498421,0.09208379708498421,0.09208379708498421,0.09208379708498421,0.09208379708498421,0.09208379708498421,0.0,0.0,0.0,16.27071186283382
2020-10-01,16.18470577543312,13.536171577862378,18.28325427529633,16.18470577543312,16.18470577543312,-0.1095288127599444,-0.1095288127599444,-0.1095288127599444,-0.1095288127599444,-0.1095288127599444,-0.1095288127599444,0.0,0.0,0.0,16.075176962673176
2020-11-01,16.190986075440215,13.500351823171345,18.45030945747526,16.190986075440215,16.190986075440215,-0.19530294088963537,-0.19530294088963537,-0.19530294088963537,-0.19530294088963537,-0.19530294088963537,-0.19530294088963537,0.0,0.0,0.0,15.99568313455058
2020-12-01,16.1970637851245,13.982191885905662,18.598056609690914,16.1970637851245,16.1970637851245,-0.006526195434706566,-0.006526195434706566,-0.006526195434706566,-0.006526195434706566,-0.006526195434706566,-0.006526195434706566,0.0,0.0,0.0,16.190537589689793
2021-01-01,16.203344085131594,13.499343704559573,18.47031786046952,16.203344085131594,16.203344085131594,-0.143487761811936,-0.143487761811936,-0.143487761811936,-0.143487761811936,-0.143487761811936,-0.143487761811936,0.0,0.0,0.0,16.059856323319657
2021-02-01,16.209624385138685,13.674927498819399,18.65372428966495,16.209624385138685,16.209624385138685,-0.187749267409042,-0.187749267409042,-0.187749267409042,-0.187749267409042,-0.187749267409042,-0.187749267409042,0.0,0.0,0.0,16.021875117729643
2021-03-01,16.215296914177355,13.860820731682079,18.527003698029013,16.215296914177355,16.215296914177355,0.007985404212534207,0.007985404212534207,0.007985404212534207,0.007985404212534207,0.007985404212534207,0.007985404212534207,0.0,0.0,0.0,16.223282318389888
2021-04-01,16.221577214184446,13.632424484529928,18.480641239584664,16.221577214184446,16.221577214184446,-0.18167175170615726,-0.18167175170615726,-0.18167175170615726,-0.18167175170615726,-0.18167175170615726,-0.18167175170615726,0.0,0.0,0.0,16.039905462478288
2021-05-01,16.227654923868734,13.84533378713194,18.511770799640903,16.227654923868734,16.227654923868734,-0.10597563071552595,-0.10597563071552595,-0.10597563071552595,-0.10597563071552595,-0.10597563071552595,-0.10597563071552595,0.0,0.0,0.0,16.121679293153207
2021-06-01,16.233935223875825,13.669828203421773,18.50829302664016,16.233935223875825,16.233935223875825,-0.18205076567222092,-0.18205076567222092,-0.18205076567222092,-0.18205076567222092,-0.18205076567222092,-0.18205076567222092,0.0,0.0,0.0,16.051884458203606
2021-07-01,16.240012933560113,13.66249428385331,18.649043666132393,16.240012933560113,16.240012933560113,-0.013860176180519665,-0.013860176180519665,-0.013860176180519665,-0.013860176180519665,-0.013860176180519665,-0.013860176180519665,0.0,0.0,0.0,16.226152757379595
2021-08-01,16.246293233567204,13.987035236400908,18.775851840227535,16.246293233567204,16.246293233567204,0.1179099302746129,0.1179099302746129,0.1179099302746129,0.1179099302746129,0.1179099302746129,0.1179099302746129,0.0,0.0,0.0,16.364203163841818
2021-09-01,16.2525735335743,13.745190851426612,18.7694589257498,16.2525735335743,16.2525735335743,0.11151629456808818,0.11151629456808818,0.11151629456808818,0.11151629456808818,0.11151629456808818,0.11151629456808818,0.0,0.0,0.0,16.364089828142387
2021-10-01,16.258651243258583,13.845664241857953,18.572613316181396,16.258651243258583,16.258651243258583,-0.17194505318962938,-0.17194505318962938,-0.17194505318962938,-0.17194505318962938,-0.17194505318962938,-0.17194505318962938,0.0,0.0,0.0,16.086706190068956
2021-11-01,16.26493154326568,13.731532383938685,18.391447358440182,16.26493154326568,16.26493154326568,-0.19977719468990746,-0.19977719468990746,-0.19977719468990746,-0.19977719468990746,-0.19977719468990746,-0.19977719468990746,0.0,0.0,0.0,16.06515434857577
2021-12-01,16.271009252949963,13.924334638504547,18.70458660345683,16.271009252949963,16.271009252949963,0.03641109381862466,0.03641109381862466,0.03641109381862466,0.03641109381862466,0.03641109381862466,0.03641109381862466,0.0,0.0,0.0,16.307420346768588
2022-01-01,16.277289552957058,13.7519904286282,18.519321401709483,16.277289552957058,16.277289552957058,-0.16912146288426513,-0.16912146288426513,-0.16912146288426513,-0.16912146288426513,-0.16912146288426513,-0.16912146288426513,0.0,0.0,0.0,16.10816809007279
2022-02-01,16.283569852964153,13.815234445158078,18.627589344202836,16.283569852964153,16.283569852964153,-0.10257952967292588,-0.10257952967292588,-0.10257952967292588,-0.10257952967292588,-0.10257952967292588,-0.10257952967292588,0.0,0.0,0.0,16.180990323291226
2022-03-01,16.28924238200282,13.858299879796292,18.59273967421862,16.28924238200282,16.28924238200282,-0.10716977544546388,-0.10716977544546388,-0.10716977544546388,-0.10716977544546388,-0.10716977544546388,-0.10716977544546388,0.0,0.0,0.0,16.182072606557355
2022-04-01,16.295522682009913,13.668683698145978,18.422295847002115,16.295522682009913,16.295522682009913,-0.12439135427420236,-0.12439135427420236,-0.12439135427420236,-0.12439135427420236,-0.12439135427420236,-0.12439135427420236,0.0,0.0,0.0,16.17113132773571
2022-05-01,16.301600391694198,13.978502649819905,18.622524737001836,16.301600391694198,16.301600391694198,-0.14016759123404643,-0.14016759123404643,-0.14016759123404643,-0.14016759123404643,-0.14016759123404643,-0.14016759123404643,0.0,0.0,0.0,16.16143280046015
2022-06-01,16.307880691701293,13.776518978452508,18.681174980114637,16.307880691701293,16.307880691701293,-0.1413061516521867,-0.1413061516521867,-0.1413061516521867,-0.1413061516521867,-0.1413061516521867,-0.1413061516521867,0.0,0.0,0.0,16.166574540049105
2022-07-01,16.313958401385577,13.946251582830676,18.660667989813206,16.313958401385577,16.313958401385577,-0.03625097261193833,-0.03625097261193833,-0.03625097261193833,-0.03625097261193833,-0.03625097261193833,-0.03625097261193833,0.0,0.0,0.0,16.27770742877364
2022-08-01,16.32023870139267,13.942139597399896,19.05941401959267,16.32023870139267,16.32023870139267,0.1421507279419353,0.1421507279419353,0.1421507279419353,0.1421507279419353,0.1421507279419353,0.1421507279419353,0.0,0.0,0.0,16.462389429334607
2022-09-01,16.326519001399763,14.055077988834638,18.902205837138737,16.326519001399763,16.326519001399763,0.12971459383405956,0.12971459383405956,0.12971459383405956,0.12971459383405956,0.12971459383405956,0.12971459383405956,0.0,0.0,0.0,16.456233595233822
2022-10-01,16.33259671108405,13.696758571676586,18.59827360467723,16.33259671108405,16.33259671108405,-0.23443007480620687,-0.23443007480620687,-0.23443007480620687,-0.23443007480620687,-0.23443007480620687,-0.23443007480620687,0.0,0.0,0.0,16.098166636277845
2022-11-01,16.338877011091142,13.57622231793922,18.645146886522866,16.338877011091142,16.338877011091142,-0.2027825393049613,-0.2027825393049613,-0.2027825393049613,-0.2027825393049613,-0.2027825393049613,-0.2027825393049613,0.0,0.0,0.0,16.13609447178618
2022-12-01,16.34495472077543,14.115612211266711,18.784505649815618,16.34495472077543,16.34495472077543,0.07945916500909757,0.07945916500909757,0.07945916500909757,0.07945916500909757,0.07945916500909757,0.07945916500909757,0.0,0.0,0.0,16.424413885784528
2023-01-01,16.35123502078252,13.751328588381352,18.73708630377958,16.35123502078252,16.35123502078252,-0.19445731435301356,-0.19445731435301356,-0.19445731435301356,-0.19445731435301356,-0.19445731435301356,-0.19445731435301356,0.0,0.0,0.0,16.15677770642951
2023-02-01,16.357515320789616,13.877644901644167,18.81791170373829,16.357515320789616,16.357515320789616,-0.018470264406442703,-0.018470264406442703,-0.018470264406442703,-0.018470264406442703,-0.018470264406442703,-0.018470264406442703,0.0,0.0,0.0,16.339045056383174
2023-03-01,16.363187849828282,13.798895835839927,18.532943833121767,16.363187849828282,16.363187849828282,-0.22243886213098402,-0.22243886213098402,-0.22243886213098402,-0.22243886213098402,-0.22243886213098402,-0.22243886213098402,0.0,0.0,0.0,16.140748987697297
2023-04-01,16.369468149835377,13.982958368725814,18.667274525007443,16.369468149835377,16.369468149835377,-0.06602867179854201,-0.06602867179854201,-0.06602867179854201,-0.06602867179854201,-0.06602867179854201,-0.06602867179854201,0.0,0.0,0.0,16.303439478036836
2023-05-01,16.37554585951966,13.955662398754217,18.582576174949683,16.37554585951966,16.37554585951966,-0.1741459873593096,-0.1741459873593096,-0.1741459873593096,-0.1741459873593096,-0.1741459873593096,-0.1741459873593096,0.0,0.0,0.0,16.20139987216035
2023-06-01,16.381826159526756,13.792492888124906,18.709163638041563,16.381826159526756,16.381826159526756,-0.10030868768784672,-0.10030868768784672,-0.10030868768784672,-0.10030868768784672,-0.10030868768784672,-0.10030868768784672,0.0,0.0,0.0,16.28151747183891
2023-07-01,16.38790386921104,13.938166426568158,18.906413477686126,16.38790386921104,16.38790386921104,-0.058799805946919186,-0.058799805946919186,-0.058799805946919186,-0.058799805946919186,-0.058799805946919186,-0.058799805946919186,0.0,0.0,0.0,16.329104063264122
2023-08-01,16.394184169218136,14.169979858233722,18.887464344781844,16.394184169218136,16.394184169218136,0.16638595654438493,0.16638595654438493,0.16638595654438493,0.16638595654438493,0.16638595654438493,0.16638595654438493,0.0,0.0,0.0,16.56057012576252
2023-09-01,16.40046446922523,14.09877085205338,18.931383922876773,16.40046446922523,16.40046446922523,0.14667082056653313,0.14667082056653313,0.14667082056653313,0.14667082056653313,0.14667082056653313,0.14667082056653313,0.0,0.0,0.0,16.547135289791765
2023-10-01,16.406542178909515,13.632070621538773,18.5365744888556,16.406542178909515,16.406542178909515,-0.29691086685527096,-0.29691086685527096,-0.29691086685527096,-0.29691086685527096,-0.29691086685527096,-0.29691086685527096,0.0,0.0,0.0,16.109631312054244
2023-11-01,16.41282247891661,13.783060814584859,18.670099666173698,16.41282247891661,16.41282247891661,-0.20430898397963212,-0.20430898397963212,-0.20430898397963212,-0.20430898397963212,-0.20430898397963212,-0.20430898397963212,0.0,0.0,0.0,16.208513494936977
2023-12-01,16.418900188600894,14.1290726190246,18.956983361441516,16.418900188600894,16.418900188600894,0.12257172092429972,0.12257172092429972,0.12257172092429972,0.12257172092429972,0.12257172092429972,0.12257172092429972,0.0,0.0,0.0,16.541471909525193
2024-01-01,16.42518048860799,13.811277529416648,18.612209988190227,16.42518048860799,16.42518048860799,-0.21950185845844689,-0.21950185845844689,-0.21950185845844689,-0.21950185845844689,-0.21950185845844689,-0.21950185845844689,0.0,0.0,0.0,16.205678630149542
2024-02-01,16.431460788615084,14.052666003730497,18.86842045498411,16.431460788615084,16.431460788615084,0.0645074402714695,0.0645074402714695,0.0645074402714695,0.0645074402714695,0.0645074402714695,0.0645074402714695,0.0,0.0,0.0,16.495968228886554
2024-03-01,16.437335907976557,14.210405961105758,19.030962804000445,16.437335907976557,16.437335907976557,0.12291950880536623,0.12291950880536623,0.12291950880536623,0.12291950880536623,0.12291950880536623,0.12291950880536623,0.0,0.0,0.0,16.560255416781924
2024-04-01,16.443616207983652,13.69012197673379,18.535495207141977,16.443616207983652,16.443616207983652,-0.2378453912371531,-0.2378453912371531,-0.2378453912371531,-0.2378453912371531,-0.2378453912371531,-0.2378453912371531,0.0,0.0,0.0,16.205770816746497
2024-05-01,16.449693917667936,14.050083882914967,18.687487578567964,16.449693917667936,16.449693917667936,-0.07158532890578226,-0.07158532890578226,-0.07158532890578226,-0.07158532890578226,-0.07158532890578226,-0.07158532890578226,0.0,0.0,0.0,16.378108588762153
2024-06-01,16.45597421767503,13.702173619967423,18.620354115863556,16.45597421767503,16.45597421767503,-0.2225063052632247,-0.2225063052632247,-0.2225063052632247,-0.2225063052632247,-0.2225063052632247,-0.2225063052632247,0.0,0.0,0.0,16.233467912411808
2024-07-01,16.462051927359315,14.133406453908583,18.753488599982976,16.462051927359315,16.462051927359315,0.008367696465379179,0.008367696465379179,0.008367696465379179,0.008367696465379179,0.008367696465379179,0.008367696465379179,0.0,0.0,0.0,16.470419623824693
2024-08-01,16.46833222736641,14.123585760995438,19.04692305803261,16.46833222736641,16.46833222736641,0.0936915326673564,0.0936915326673564,0.0936915326673564,0.0936915326673564,0.0936915326673564,0.0936915326673564,0.0,0.0,0.0,16.562023760033767
2024-09-01,16.474612527373505,14.273921829453004,19.081354899027918,16.474612527373505,16.474612527373505,0.09208379708482345,0.09208379708482345,0.09208379708482345,0.09208379708482345,0.09208379708482345,0.09208379708482345,0.0,0.0,0.0,16.566696324458327
2024-10-01,16.48069023705779,13.97074296118005,18.785025688494567,16.48069023705779,16.48069023705779,-0.1095288127594116,-0.1095288127594116,-0.1095288127594116,-0.1095288127594116,-0.1095288127594116,-0.1095288127594116,0.0,0.0,0.0,16.37116142429838
2024-11-01,16.486970537064884,13.875428877945472,18.412474549172096,16.486970537064884,16.486970537064884,-0.1953029408902136,-0.1953029408902136,-0.1953029408902136,-0.1953029408902136,-0.1953029408902136,-0.1953029408902136,0.0,0.0,0.0,16.29166759617467
2024-12-01,16.49304824674917,14.08469029278932,18.750120711956153,16.49304824674917,16.49304824674917,-0.006526195434985859,-0.006526195434985859,-0.006526195434985859,-0.006526195434985859,-0.006526195434985859,-0.006526195434985859,0.0,0.0,0.0,16.486522051314182
2025-01-01,16.499328546756264,13.894214682721081,18.819871209149525,16.499328546756264,16.499328546756264,-0.1434877618121547,-0.1434877618121547,-0.1434877618121547,-0.1434877618121547,-0.1434877618121547,-0.1434877618121547,0.0,0.0,0.0,16.35584078494411
2025-02-01,16.50560884676336,13.9331816684296,18.70272893990618,16.50560884676336,16.50560884676336,-0.18774926740874143,-0.18774926740874143,-0.18774926740874143,-0.18774926740874143,-0.18774926740874143,-0.18774926740874143,0.0,0.0,0.0,16.317859579354618
2025-03-01,16.511281375802024,14.086683388853027,18.928908580350697,16.511281375802024,16.511281375802024,0.007985404211967887,0.007985404211967887,0.007985404211967887,0.007985404211967887,0.007985404211967887,0.007985404211967887,0.0,0.0,0.0,16.519266780013993
2025-04-01,16.517561675809116,13.904517613828554,18.67816729800778,16.517561675809116,16.517561675809116,-0.1816717517067936,-0.1816717517067936,-0.1816717517067936,-0.1816717517067936,-0.1816717517067936,-0.1816717517067936,0.0,0.0,0.0,16.33588992410232
2025-05-01,16.523639385493404,13.801326923394162,18.891230128979956,16.523639385493404,16.523639385493404,-0.10597563071580486,-0.10597563071580486,-0.10597563071580486,-0.10597563071580486,-0.10597563071580486,-0.10597563071580486,0.0,0.0,0.0,16.4176637547776
2025-06-01,16.529919685500495,14.19471972315832,18.793016838417497,16.529919685500495,16.529919685500495,-0.18205076567252687,-0.18205076567252687,-0.18205076567252687,-0.18205076567252687,-0.18205076567252687,-0.18205076567252687,0.0,0.0,0.0,16.347868919827967
2025-07-01,16.535997395184783,13.911851711718427,18.904923608847874,16.535997395184783,16.535997395184783,-0.013860176180619493,-0.013860176180619493,-0.013860176180619493,-0.013860176180619493,-0.013860176180619493,-0.013860176180619493,0.0,0.0,0.0,16.522137219004165
2025-08-01,16.542277695191874,14.267026109741376,18.986896687903844,16.542277695191874,16.542277695191874,0.11790993027491738,0.11790993027491738,0.11790993027491738,0.11790993027491738,0.11790993027491738,0.11790993027491738,0.0,0.0,0.0,16.66018762546679
2025-09-01,16.54855799519897,14.27946575791625,19.029453291476717,16.54855799519897,16.54855799519897,0.1115162945680933,0.1115162945680933,0.1115162945680933,0.1115162945680933,0.1115162945680933,0.1115162945680933,0.0,0.0,0.0,16.660074289767064
2025-10-01,16.554635704883253,13.954907563160221,18.805926453600502,16.554635704883253,16.554635704883253,-0.17194505318954173,-0.17194505318954173,-0.17194505318954173,-0.17194505318954173,-0.17194505318954173,-0.17194505318954173,0.0,0.0,0.0,16.38269065169371
2025-11-01,16.56091600489035,13.979562455881911,18.738355912633757,16.56091600489035,16.56091600489035,-0.1997771946896101,-0.1997771946896101,-0.1997771946896101,-0.1997771946896101,-0.1997771946896101,-0.1997771946896101,0.0,0.0,0.0,16.36113881020074
2025-12-01,16.566993714574632,14.144520316536802,19.04140558407865,16.566993714574632,16.566993714574632,0.03641109381885628,0.03641109381885628,0.03641109381885628,0.03641109381885628,0.03641109381885628,0.03641109381885628,0.0,0.0,0.0,16.60340480839349
2026-01-01,16.573274014581727,14.069666762422901,18.877896476061768,16.573274014581727,16.573274014581727,-0.1691214628842072,-0.1691214628842072,-0.1691214628842072,-0.1691214628842072,-0.1691214628842072,-0.1691214628842072,0.0,0.0,0.0,16.40415255169752
2026-02-01,16.579554314588822,14.158368310922853,18.969146350836066,16.579554314588822,16.579554314588822,-0.10257952967365358,-0.10257952967365358,-0.10257952967365358,-0.10257952967365358,-0.10257952967365358,-0.10257952967365358,0.0,0.0,0.0,16.476974784915168
2026-03-01,16.585226843627485,14.19441410374608,19.023455124611356,16.585226843627485,16.585226843627485,-0.10716977544578299,-0.10716977544578299,-0.10716977544578299,-0.10716977544578299,-0.10716977544578299,-0.10716977544578299,0.0,0.0,0.0,16.478057068181702
2026-04-01,16.59150714363458,13.997134781894431,18.597416125914474,16.59150714363458,16.59150714363458,-0.124391354274839,-0.124391354274839,-0.124391354274839,-0.124391354274839,-0.124391354274839,-0.124391354274839,0.0,0.0,0.0,16.46711578935974
2026-05-01,16.597584853318867,14.036444493089842,18.874228895191447,16.597584853318867,16.597584853318867,-0.14016759123403633,-0.14016759123403633,-0.14016759123403633,-0.14016759123403633,-0.14016759123403633,-0.14016759123403633,0.0,0.0,0.0,16.45741726208483
2026-06-01,16.603865153325962,13.98974145201805,18.768911733670336,16.603865153325962,16.603865153325962,-0.14130615165172566,-0.14130615165172566,-0.14130615165172566,-0.14130615165172566,-0.14130615165172566,-0.14130615165172566,0.0,0.0,0.0,16.462559001674236
2026-07-01,16.609942863010243,14.13631249237282,18.96259517289762,16.609942863010243,16.609942863010243,-0.036250972612145424,-0.036250972612145424,-0.036250972612145424,-0.036250972612145424,-0.036250972612145424,-0.036250972612145424,0.0,0.0,0.0,16.5736918903981
2026-08-01,16.616223163017338,14.375972445800807,19.027215882897234,16.616223163017338,16.616223163017338,0.14215072794159248,0.14215072794159248,0.14215072794159248,0.14215072794159248,0.14215072794159248,0.14215072794159248,0.0,0.0,0.0,16.758373890958932
2026-09-01,16.622503463024433,14.172723216338706,19.228140089328857,16.622503463024433,16.622503463024433,0.12971459383456008,0.12971459383456008,0.12971459383456008,0.12971459383456008,0.12971459383456008,0.12971459383456008,0.0,0.0,0.0,16.752218056858993
2026-10-01,16.62858117270872,14.006287401381236,18.940194560200187,16.62858117270872,16.62858117270872,-0.23443007480570946,-0.23443007480570946,-0.23443007480570946,-0.23443007480570946,-0.23443007480570946,-0.23443007480570946,0.0,0.0,0.0,16.394151097903013
2026-11-01,16.634861472715816,14.192671844910302,18.85273553299085,16.634861472715816,16.634861472715816,-0.2027825393047149,-0.2027825393047149,-0.2027825393047149,-0.2027825393047149,-0.2027825393047149,-0.2027825393047149,0.0,0.0,0.0,16.432078933411102
2026-12-01,16.6409391824001,14.244732414425346,19.025162579658016,16.640939072041487,16.6409391824001,0.07945916500949332,0.07945916500949332,0.07945916500949332,0.07945916500949332,0.07945916500949332,0.07945916500949332,0.0,0.0,0.0,16.720398347409592
2027-01-01,16.647219482407195,14.170827419160979,18.91401687315376,16.64703192892921,16.647525026885944,-0.1944573143523287,-0.1944573143523287,-0.1944573143523287,-0.1944573143523287,-0.1944573143523287,-0.1944573143523287,0.0,0.0,0.0,16.452762168054868
